A;B;DISTANCE;LINKTYPE;JURISDICTIO;CAPINDEX;TIME_SPDFLA;TIME_SPD;CAPACITY;VL01;VL02;VL03;VL04;VL05;VL06;VL07;VL08;VL09;VL10;VL11;VL12;VL13;VL14;VL15;VL16;VL17;VL18;FFTM;VL20
256;36;0,14;9;1;21;T;0,25;693;14,75;4,60;12,73;11,41;14,87;0;58,36;32,08;0,08;33,60;0;0;0;0;0;0;0;0;0;0
255;37;0,25;9;1;21;T;0,61;693;46,21;24,84;109,36;46,42;13,61;0;240,44;180,41;0,35;24,59;0;0;0;0;0;0;0;0;0;0
287;38;0,28;9;1;21;T;0,90;693;93,73;20,66;48,99;107,90;32,07;0;303,35;163,38;0,44;18,67;0;0;0;0;0;0;0;0;0;0
289;40;0,10;9;1;21;T;0,22;693;0,39;0,04;0,10;1,08;0,46;0;2,07;0,53;0,00;27,27;0;0;0;0;0;0;0;0;0;0
331;41;0,15;4;1;13;T;0,30;1000;421,09;62,96;118,07;49,85;35,08;0;687,05;602,12;0,69;30,00;0;0;0;0;0;0;0;0;0;0
292;42;0,14;8;1;22;T;0,29;495;0,00;0,00;0,00;0,00;0,00;0;0,00;0,00;0,00;28,97;0;0;0;0;0;0;0;0;0;0
253;43;0,14;7;1;18;T;0,31;858;251,81;26,42;81,84;72,14;32,61;0;464,82;360,07;0,54;27,10;0;0;0;0;0;0;0;0;0;0
237;44;0,11;6;1;14;T;0,11;1730;576,60;44,82;68,21;77,55;24,34;0;791,52;689,63;0,46;60,00;0;0;0;0;0;0;0;0;0;0
241;44;0,41;3;1;12;T;0,53;2740;1069,57;81,25;121,24;103,94;33,61;0;1409,61;1272,06;0,51;46,42;0;0;0;0;0;0;0;0;0;0
336;45;0,47;6;1;12;T;0,45;2540;402,57;50,95;135,13;52,01;10,36;0;651,02;588,65;0,26;62,67;0;0;0;0;0;0;0;0;0;0
336;46;0,45;7;1;19;T;1,32;715;419,62;31,19;45,45;26,09;1,08;0;523,43;496,26;0,73;20,45;0;0;0;0;0;0;0;0;0;0
348;47;0,24;7;10;18;T;0,46;858;176,62;19,44;82,65;63,35;7,85;0;349,91;278,71;0,41;31,30;0;0;0;0;0;0;0;0;0;0
349;48;0,49;11;1;19;T;0,93;715;162,08;11,70;45,78;30,41;1,88;1;252,85;219,56;0,35;31,61;0;0;0;0;0;0;0;0;0;0
603;49;0,69;15;10;12;T;0,58;1270;0,00;0,00;0,00;0,00;0,00;1;1,00;0,00;0,00;71,38;0;0;0;0;0;0;0;0;0;0
612;50;0,74;7;1;8;T;0,86;3000;925,57;242,09;366,67;216,38;64,03;1;1815,74;1534,33;0,61;51,63;0;0;0;0;0;0;0;0;0;0
296;51;0,46;8;1;19;T;0,76;715;57,55;14,26;70,26;51,93;6,26;1;201,26;142,07;0,28;36,32;0;0;0;0;0;0;0;0;0;0
361;52;0,49;11;1;19;T;0,70;715;49,95;4,21;44,00;13,01;2,64;1;114,81;98,16;0,16;42,00;0;0;0;0;0;0;0;0;0;0
319;53;0,36;11;1;19;T;1,00;165;54,85;5,65;13,85;20,77;2,44;0;97,56;74,35;0,59;21,60;0;0;0;0;0;0;0;0;0;0
320;54;0,76;11;1;19;T;1,01;715;7,37;1,07;19,61;10,84;8,43;1;48,32;28,05;0,07;45,15;0;0;0;0;0;0;0;0;0;0
358;54;0,37;11;1;18;T;0,47;1958;193,42;17,97;57,26;45,85;12,56;0;327,06;268,65;0,17;47,23;0;0;0;0;0;0;0;0;0;0
351;72;0,44;7;10;18;T;0,78;858;148,31;26,49;81,99;62,96;12,78;1;333,53;256,79;0,39;33,85;0;0;0;0;0;0;0;0;0;0
336;73;0,40;11;1;19;T;1,15;715;339,36;27,47;88,39;54,45;7,00;1;517,67;455,22;0,72;20,87;0;0;0;0;0;0;0;0;0;0
606;75;0,28;6;1;12;T;0,26;1750;219,88;14,20;87,10;55,09;11,14;0;387,41;321,18;0,22;64,62;0;0;0;0;0;0;0;0;0;0
608;75;0,30;2;1;12;T;0,34;2540;570,90;127,69;229,08;80,78;13,18;0;1021,63;927,67;0,40;52,94;0;0;0;0;0;0;0;0;0;0
614;76;0,67;4;10;12;T;0,88;1000;296,94;23,22;132,73;62,03;12,64;1;528,56;452,89;0,53;45,68;0;0;0;0;0;0;0;0;0;0
729;77;0,10;16;1;12;T;0,08;1270;0,00;0,00;0,00;0,00;0,00;0;0,00;0,00;0,00;75,00;0;0;0;0;0;0;0;0;0;0
730;78;0,10;7;1;12;T;0,12;1270;320,00;55,34;100,15;106,97;30,40;0;612,86;475,49;0,48;50,00;0;0;0;0;0;0;0;0;0;0
732;80;0,07;7;1;12;T;0,06;1270;0,00;0,00;0,00;0,00;0,00;0;0,00;0,00;0,00;70,00;0;0;0;0;0;0;0;0;0;0
735;83;0,15;16;1;13;T;0,16;500;0,00;0,00;0,00;0,00;0,00;0;0,00;0,00;0,00;56,25;0;0;0;0;0;0;0;0;0;0
736;84;0,14;8;1;13;T;0,25;500;159,03;14,94;39,10;63,03;20,16;0;296,26;213,07;0,59;33,60;0;0;0;0;0;0;0;0;0;0
225;222;0,34;6;1;14;T;0,31;1730;211,22;105,46;165,07;60,14;6,24;0;548,13;481,75;0,32;65,81;0;0;0;0;0;0;0;0;0;0
307;222;0,57;3;1;12;T;0,54;2540;473,11;32,52;110,22;36,75;11,14;0;663,74;615,85;0,26;63,33;0;0;0;0;0;0;0;0;0;0
225;223;0,13;6;1;21;T;0,25;1793;213,51;25,22;99,60;26,03;8,90;0;373,26;338,33;0,21;31,20;0;0;0;0;0;0;0;0;0;0
322;223;0,33;6;1;14;T;0,41;1730;593,05;77,53;108,50;208,34;24,20;0;1011,62;779,08;0,58;48,29;0;0;0;0;0;0;0;0;0;0
223;224;0,23;6;1;14;T;0,23;1730;460,06;67,49;147,84;76,75;24,03;0;776,17;675,39;0,45;60,00;0;0;0;0;0;0;0;0;0;0
322;224;0,56;3;1;12;T;0,63;3000;742,50;130,58;147,55;158,34;48,01;0;1226,98;1020,63;0,41;53,33;0;0;0;0;0;0;0;0;0;0
223;225;0,13;6;1;21;T;0,31;1793;346,50;35,26;60,26;157,63;9,07;0;608,72;442,02;0,34;25,16;0;0;0;0;0;0;0;0;0;0
226;225;0,13;7;1;20;T;0,21;1914;21,22;10,43;21,71;17,86;4,01;0;75,23;53,36;0,04;37,14;0;0;0;0;0;0;0;0;0;0
307;225;0,24;6;1;12;T;0,24;2540;303,84;114,95;199,40;92,25;8,39;0;718,83;618,19;0,28;60,00;0;0;0;0;0;0;0;0;0;0
321;225;0,32;7;1;22;T;0,77;1595;217,15;25,34;99,93;29,58;9,17;1;382,17;342,42;0,24;24,94;0;0;0;0;0;0;0;0;0;0
225;226;0,13;7;1;20;T;0,28;1914;358,31;36,25;62,44;163,15;8,85;0;629,00;457,00;0,33;27,86;0;0;0;0;0;0;0;0;0;0
279;226;0,15;7;1;20;T;0,24;1914;21,22;10,43;21,71;17,86;4,01;0;75,23;53,36;0,04;37,50;0;0;0;0;0;0;0;0;0;0
230;227;0,18;6;1;14;T;0,20;1730;630,62;84,34;147,02;48,29;8,35;0;918,62;861,98;0,53;54,00;0;0;0;0;0;0;0;0;0;0
308;227;0,10;6;1;14;T;0,09;1730;223,15;25,65;74,61;32,59;5,30;0;361,30;323,41;0,21;66,67;0;0;0;0;0;0;0;0;0;0
229;228;0,10;6;1;14;T;0,09;1730;47,77;25,82;23,46;67,17;16,27;0;180,49;97,05;0,10;66,67;0;0;0;0;0;0;0;0;0;0
308;228;0,17;3;1;12;T;0,26;2540;979,40;172,42;220,79;202,50;66,74;0;1641,85;1372,61;0,65;39,23;0;0;0;0;0;0;0;0;0;0
249;229;0,19;6;1;14;T;0,17;1730;67,85;37,02;51,46;96,69;16,29;0;269,31;156,33;0,16;67,06;0;0;0;0;0;0;0;0;0;0
232;230;0,24;3;1;11;T;0,24;5000;1575,73;236,17;470,09;277,06;48,77;0;2607,82;2281,99;0,52;60,00;0;0;0;0;0;0;0;0;0;0
309;231;0,20;3;1;12;T;0,55;2540;1823,10;276,89;397,34;366,22;106,26;0;2969,81;2497,33;1,17;21,82;0;0;0;0;0;0;0;0;0;0
233;232;0,27;3;1;12;T;0,33;2800;844,62;107,45;199,32;183,14;29,85;0;1364,38;1151,39;0,49;49,09;0;0;0;0;0;0;0;0;0;0
311;232;0,15;6;1;12;T;0,19;2540;731,10;128,72;270,77;93,92;18,92;0;1243,43;1130,59;0,49;47,37;0;0;0;0;0;0;0;0;0;0
235;233;0,07;3;1;12;T;0,13;2800;1224,99;191,91;316,83;282,88;61,36;0;2077,97;1733,73;0,74;32,31;0;0;0;0;0;0;0;0;0;0
315;233;0,11;7;1;22;T;0,23;495;0,00;0,00;0,00;0,00;0,38;0;0,38;0,00;0,00;28,70;0;0;0;0;0;0;0;0;0;0
231;234;0,34;3;1;12;T;0,54;2540;1127,10;115,65;184,89;190,28;56,82;0;1674,74;1427,64;0,66;37,78;0;0;0;0;0;0;0;0;0;0
311;234;0,30;6;1;12;T;0,32;2540;745,40;51,35;74,38;55,37;17,27;0;943,77;871,13;0,37;56,25;0;0;0;0;0;0;0;0;0;0
313;235;0,28;3;1;12;T;0,41;2800;1042,06;168,95;240,74;202,86;44,43;0;1699,04;1451,75;0,61;40,98;0;0;0;0;0;0;0;0;0;0
315;235;0,06;7;1;14;T;0,05;1730;182,92;22,96;76,09;80,02;16,92;0;378,91;281,97;0,22;72,00;0;0;0;0;0;0;0;0;0;0
731;236;0,01;7;1;12;T;0,01;2540;0,00;0,00;0,00;0,00;0,00;0;0,00;0,00;0,00;60,00;0;0;0;0;0;0;0;0;0;0
236;237;0,05;7;1;14;T;0,04;1730;0,00;0,00;0,00;0,00;0,00;0;0,00;0,00;0,00;75,00;0;0;0;0;0;0;0;0;0;0
238;237;0,05;7;1;14;T;0,05;1730;576,60;44,82;68,21;77,55;24,34;0;791,52;689,63;0,46;60,00;0;0;0;0;0;0;0;0;0;0
236;238;0,02;7;1;22;T;0,04;495;0,00;0,00;0,00;0,00;0,00;0;0,00;0,00;0,00;30,00;0;0;0;0;0;0;0;0;0;0
240;238;0,06;8;1;12;T;0,06;2540;636,58;58,08;99,58;99,12;27,19;0;920,55;794,24;0,36;60,00;0;0;0;0;0;0;0;0;0;0
245;239;0,03;8;1;12;T;0,04;2000;642,40;92,65;165,41;171,88;28,14;0;1100,48;900,46;0,55;45,00;0;0;0;0;0;0;0;0;0;0
241;240;0,19;6;1;14;T;0,29;1730;802,93;85,75;138,03;141,71;40,49;0;1208,91;1026,71;0,70;39,31;0;0;0;0;0;0;0;0;0;0
242;240;0,07;8;1;12;T;0,06;2000;153,65;27,67;61,69;64,38;17,10;0;324,49;243,01;0,16;70,00;0;0;0;0;0;0;0;0;0;0
234;241;0,30;3;1;12;T;0,70;2740;1872,50;167,01;259,27;245,65;74,09;0;2618,52;2298,78;0,96;25,71;0;0;0;0;0;0;0;0;0;0
243;242;0,05;4;1;22;T;0,11;495;8,99;13,43;23,52;30,24;11,68;0;87,86;45,94;0,18;27,27;0;0;0;0;0;0;0;0;0;0
244;242;0,02;8;1;12;T;0,02;2000;466,73;74,32;121,90;103,92;18,17;0;785,04;662,95;0,39;60,00;0;0;0;0;0;0;0;0;0;0
244;243;0,04;4;1;22;T;0,15;495;175,68;18,33;43,50;67,96;9,98;0;315,45;237,51;0,64;16,00;0;0;0;0;0;0;0;0;0;0
264;243;0,17;8;1;22;T;0,37;495;8,99;13,43;23,52;30,24;11,68;0;87,86;45,94;0,18;27,57;0;0;0;0;0;0;0;0;0;0
239;244;0,02;8;1;12;T;0,03;2000;642,40;92,65;165,41;171,88;28,14;0;1100,48;900,46;0,55;40,00;0;0;0;0;0;0;0;0;0;0
238;245;0,08;8;1;12;T;0,07;2540;59,98;13,26;31,37;21,58;2,85;0;129,04;104,61;0,05;68,57;0;0;0;0;0;0;0;0;0;0
246;245;0,04;8;1;14;T;0,05;1730;582,42;79,38;134,04;150,31;25,30;0;971,45;795,84;0,56;48,00;0;0;0;0;0;0;0;0;0;0
250;246;0,12;7;1;14;T;0,14;1730;582,42;79,38;134,04;150,31;25,30;0;971,45;795,84;0,56;51,43;0;0;0;0;0;0;0;0;0;0
227;248;0,30;6;1;14;T;0,50;1730;853,77;109,99;221,63;80,87;13,65;0;1279,91;1185,39;0,74;36,00;0;0;0;0;0;0;0;0;0;0
354;248;0,02;6;1;12;T;0,05;1500;1073,60;115,74;197,58;172,97;26,89;0;1586,78;1386,92;1,06;24,00;0;0;0;0;0;0;0;0;0;0
627;248;0,04;6;1;12;T;0,04;1000;96,91;31,63;65,77;43,06;3,26;0;240,63;194,31;0,24;60,00;0;0;0;0;0;0;0;0;0;0
633;249;0,01;6;1;12;T;0,01;2000;164,77;68,65;117,22;139,75;19,55;0;509,94;350,64;0,25;60,00;0;0;0;0;0;0;0;0;0;0
34;250;0,05;3;1;12;T;0,09;2800;1302,42;188,26;291,06;283,38;56,98;0;2122,10;1781,74;0,76;33,33;0;0;0;0;0;0;0;0;0;0
252;251;0,07;4;1;9;T;0,16;1300;1073,36;134,22;187,30;94,76;19,54;0;1509,18;1394,88;1,16;26,25;0;0;0;0;0;0;0;0;0;0
254;251;0,23;7;1;18;T;0,46;858;220,77;36,22;97,71;33,80;10,94;0;399,44;354,70;0,47;30,00;0;0;0;0;0;0;0;0;0;0
310;251;0,20;4;1;12;T;0,48;2000;1076,36;245,69;329,96;275,67;81,33;0;2009,01;1652,01;1,00;25,00;0;0;0;0;0;0;0;0;0;0
325;251;0,14;7;1;22;T;0,60;330;170,05;5,18;43,61;13,10;6,76;0;238,70;218,84;0,72;14,00;0;0;0;0;0;0;0;0;0;0
251;252;0,07;4;1;9;T;0,15;1300;707,75;206,94;221,05;192,47;58,69;0;1386,90;1135,74;1,07;28,00;0;0;0;0;0;0;0;0;0;0
326;252;0,08;6;1;9;T;0,17;1300;1046,27;129,99;169,89;50,19;12,53;0;1408,87;1346,15;1,08;28,24;0;0;0;0;0;0;0;0;0;0
601;252;0,15;7;1;18;T;0,18;858;30,02;6,64;20,85;47,14;7,95;0;112,60;57,51;0,13;50,00;0;0;0;0;0;0;0;0;0;0
43;253;0,14;7;1;18;T;0,33;858;271,96;34,40;118,87;68,44;31,63;0;525,30;425,23;0,61;25,45;0;0;0;0;0;0;0;0;0;0
254;253;0,10;7;1;17;T;0,16;1100;184,59;28,65;89,91;49,50;17,60;0;370,25;303,15;0,34;37,50;0;0;0;0;0;0;0;0;0;0
327;253;0,18;7;1;17;T;0,31;1100;303,46;23,04;31,51;45,86;19,15;0;423,02;358,01;0,38;34,84;0;0;0;0;0;0;0;0;0;0
601;253;0,07;7;1;18;T;0,12;858;112,54;22,41;73,06;57,24;23,70;0;288,95;208,01;0,34;35,00;0;0;0;0;0;0;0;0;0;0
251;254;0,23;7;1;18;T;0,47;858;274,49;22,86;56,24;54,16;14,95;0;422,70;353,59;0,49;29,36;0;0;0;0;0;0;0;0;0;0
253;254;0,10;7;1;17;T;0,26;1100;478,23;43,85;110,01;88,90;28,64;0;749,63;632,09;0,68;23,08;0;0;0;0;0;0;0;0;0;0
725;254;0,01;8;1;20;T;0,02;1100;71,85;17,58;46,77;8,54;4,80;0;149,54;136,20;0,14;30,00;0;0;0;0;0;0;0;0;0;0
37;255;0,25;9;1;21;T;0,58;693;75,79;6,74;39,03;75,75;24,34;0;221,65;121,56;0,32;25,86;0;0;0;0;0;0;0;0;0;0
599;255;0,08;9;1;21;T;0,23;693;58,84;27,50;143,76;74,72;30,66;0;335,48;230,10;0,48;20,87;0;0;0;0;0;0;0;0;0;0
36;256;0,14;9;1;21;T;0,64;693;291,56;27,03;105,89;65,58;33,86;0;523,92;424,48;0,76;13,13;0;0;0;0;0;0;0;0;0;0
257;256;0,05;9;1;21;T;0,12;693;54,14;7,67;43,82;40,21;22,09;0;167,93;105,63;0,24;25,00;0;0;0;0;0;0;0;0;0;0
263;256;0,22;9;1;21;T;0,39;693;54,26;9,01;29,16;17,18;2,45;0;112,06;92,43;0,16;33,85;0;0;0;0;0;0;0;0;0;0
256;257;0,05;9;1;21;T;0,09;693;6,57;0,50;2,23;3,99;2,01;0;15,30;9,30;0,02;33,33;0;0;0;0;0;0;0;0;0;0
258;257;0,09;9;1;21;T;0,24;693;55,11;8,01;48,12;49,71;23,02;0;183,97;111,24;0,27;22,50;0;0;0;0;0;0;0;0;0;0
260;257;0,01;9;1;21;T;0,02;693;0,00;0,00;0,00;0,00;0,00;0;0,00;0,00;0,00;30,00;0;0;0;0;0;0;0;0;0;0
706;257;0,01;8;1;22;T;0,02;495;0,00;0,00;0,00;0,00;0,00;0;0,00;0,00;0,00;30,00;0;0;0;0;0;0;0;0;0;0
255;258;0,05;9;1;21;T;0,14;693;88,42;9,40;73,43;104,04;41,39;0;316,68;171,25;0,46;21,43;0;0;0;0;0;0;0;0;0;0
257;258;0,09;9;1;21;T;0,18;693;6,57;0,50;2,23;3,99;2,01;0;15,30;9,30;0,02;30,00;0;0;0;0;0;0;0;0;0;0
288;258;0,13;9;1;21;T;0,31;693;49,00;5,58;37,43;38,71;19,92;0;150,64;92,01;0,22;25,16;0;0;0;0;0;0;0;0;0;0
263;259;0,01;4;1;22;T;0,02;495;0,87;0,01;3,80;6,74;0,93;0;12,35;4,68;0,02;30,00;0;0;0;0;0;0;0;0;0;0
700;259;0,08;16;1;22;T;0,26;248;0,00;0,00;0,00;0,00;0,00;0;0,00;0,00;0,00;18,46;0;0;0;0;0;0;0;0;0;0
702;259;0,01;4;1;22;T;0,03;248;54,26;9,01;29,16;17,18;2,45;0;112,06;92,43;0,45;20,00;0;0;0;0;0;0;0;0;0;0
257;260;0,01;9;1;21;T;0,02;693;0,10;0,34;0,50;2,76;0,00;0;3,70;0,94;0,01;30,00;0;0;0;0;0;0;0;0;0;0
707;260;0,01;9;1;21;T;0,02;347;0,00;0,00;0,00;0,00;0,00;0;0,00;0,00;0,00;30,00;0;0;0;0;0;0;0;0;0;0
708;260;0,12;16;1;21;T;0,21;347;0,00;0,00;0,00;0,00;0,00;0;0,00;0,00;0,00;34,29;0;0;0;0;0;0;0;0;0;0
708;261;0,01;9;1;21;T;0,02;693;0,10;0,34;0,50;2,76;0,00;0;3,70;0,94;0,01;30,00;0;0;0;0;0;0;0;0;0;0
713;261;0,01;8;1;22;T;0,02;495;0,00;0,00;0,00;0,00;0,00;0;0,00;0,00;0,00;30,00;0;0;0;0;0;0;0;0;0;0
697;262;0,01;8;1;22;T;0,03;495;54,26;9,01;29,16;17,18;2,45;0;112,06;92,43;0,23;20,00;0;0;0;0;0;0;0;0;0;0
700;262;0,01;4;1;22;T;0,02;495;0,87;0,01;3,80;6,74;0,93;0;12,35;4,68;0,02;30,00;0;0;0;0;0;0;0;0;0;0
712;262;0,01;8;1;22;T;0,02;495;0,10;0,34;0,50;2,76;0,00;0;3,70;0,94;0,01;30,00;0;0;0;0;0;0;0;0;0;0
259;263;0,01;4;1;22;T;0,03;495;54,26;9,01;29,16;17,18;2,45;0;112,06;92,43;0,23;20,00;0;0;0;0;0;0;0;0;0;0
705;263;0,01;8;1;22;T;0,02;495;0,87;0,01;3,80;6,74;0,93;0;12,35;4,68;0,02;30,00;0;0;0;0;0;0;0;0;0;0
243;264;0,17;8;1;22;T;0,66;495;175,68;18,33;43,50;67,96;9,98;0;315,45;237,51;0,64;15,45;0;0;0;0;0;0;0;0;0;0
265;264;0,01;8;1;22;T;0,03;495;9,76;13,72;27,41;33,19;12,78;0;96,86;50,89;0,20;20,00;0;0;0;0;0;0;0;0;0;0
696;264;0,01;8;1;22;T;0,02;495;0,97;0,35;4,30;9,50;0,93;0;16,05;5,62;0,03;30,00;0;0;0;0;0;0;0;0;0;0
264;265;0,01;8;1;22;T;0,04;495;123,17;9,95;22,53;63,23;9,54;0;228,42;155,65;0,46;15,00;0;0;0;0;0;0;0;0;0;0
266;265;0,14;16;1;22;T;0,30;495;0,00;0,00;0,00;0,00;0,00;0;0,00;0,00;0,00;28,00;0;0;0;0;0;0;0;0;0;0
695;265;0,02;8;1;22;T;0,05;330;9,76;13,72;27,41;33,19;12,78;0;96,86;50,89;0,29;24,00;0;0;0;0;0;0;0;0;0;0
265;266;0,14;16;1;22;T;0,29;495;0,00;0,00;0,00;0,00;0,00;0;0,00;0,00;0,00;28,97;0;0;0;0;0;0;0;0;0;0
691;266;0,11;16;1;22;T;0,31;248;0,00;0,00;0,00;0,00;0,00;0;0,00;0,00;0,00;21,29;0;0;0;0;0;0;0;0;0;0
693;266;0,01;8;1;22;T;0,04;495;146,95;9,35;36,51;54,91;22,09;0;269,81;192,81;0,55;15,00;0;0;0;0;0;0;0;0;0;0
694;266;0,01;8;1;22;T;0,04;330;123,17;9,95;22,53;63,23;9,54;0;228,42;155,65;0,69;15,00;0;0;0;0;0;0;0;0;0;0
644;267;0,01;8;1;13;T;0,03;1000;630,90;66,22;126,76;154,01;30,80;0;1008,69;823,88;1,01;20,00;0;0;0;0;0;0;0;0;0;0
646;267;0,01;9;1;13;T;0,01;1000;54,85;1,88;6,81;26,99;1,60;0;92,13;63,54;0,09;60,00;0;0;0;0;0;0;0;0;0;0
683;267;0,01;9;1;21;T;0,02;693;20,10;3,12;19,25;15,77;3,25;0;61,49;42,47;0,09;30,00;0;0;0;0;0;0;0;0;0;0
687;268;0,01;9;1;21;T;0,03;693;235,08;13,35;22,64;74,83;3,70;0;349,60;271,07;0,50;20,00;0;0;0;0;0;0;0;0;0;0
691;268;0,01;8;1;22;T;0,03;495;72,54;5,40;40,55;37,01;6,71;0;162,21;118,49;0,33;20,00;0;0;0;0;0;0;0;0;0;0
714;268;0,01;9;1;19;T;0,01;1100;77,78;5,30;16,96;22,02;19,28;0;141,34;100,04;0,13;60,00;0;0;0;0;0;0;0;0;0;0
303;269;0,11;9;1;21;T;0,19;693;24,59;12,84;11,49;0,25;0,08;0;49,25;48,92;0,07;34,74;0;0;0;0;0;0;0;0;0;0
715;269;0,01;9;1;19;T;0,02;1100;218,36;11,58;24,38;63,18;4,35;0;321,85;254,32;0,29;30,00;0;0;0;0;0;0;0;0;0;0
718;269;0,01;7;1;20;T;0,02;1100;254,47;14,30;19,36;66,06;19,39;0;373,58;288,13;0,34;30,00;0;0;0;0;0;0;0;0;0;0
722;270;0,01;7;1;20;T;0,02;1100;62,02;15,56;34,83;6,83;4,38;0;123,62;112,41;0,11;30,00;0;0;0;0;0;0;0;0;0;0
724;270;0,01;8;1;20;T;0,03;1100;419,20;19,43;25,40;68,30;19,85;0;552,18;464,03;0,50;20,00;0;0;0;0;0;0;0;0;0;0
301;271;0,16;7;1;20;T;0,26;1914;133,55;16,60;13,53;99,43;2,48;0;265,59;163,68;0,14;36,92;0;0;0;0;0;0;0;0;0;0
636;271;0,01;6;1;12;T;0,01;2000;585,90;59,73;133,38;238,07;30,49;0;1047,57;779,01;0,52;60,00;0;0;0;0;0;0;0;0;0;0
641;271;0,01;8;1;12;T;0,01;2000;147,37;54,24;95,40;98,74;19,46;0;415,21;297,01;0,21;60,00;0;0;0;0;0;0;0;0;0;0
330;272;0,03;9;1;20;T;0,08;814;190,35;21,38;55,71;100,30;11,06;0;378,80;267,44;0,47;22,50;0;0;0;0;0;0;0;0;0;0
653;272;0,01;9;1;13;T;0,02;1000;461,46;54,25;119,52;115,65;31,74;0;782,62;635,23;0,78;30,00;0;0;0;0;0;0;0;0;0;0
656;272;0,01;9;1;13;T;0,02;1000;164,40;39,16;95,93;165,91;19,13;0;484,53;299,49;0,48;30,00;0;0;0;0;0;0;0;0;0;0
274;273;0,01;9;1;15;T;0,02;1397;265,20;51,79;98,74;252,19;63,85;0;731,77;415,73;0,52;30,00;0;0;0;0;0;0;0;0;0;0
329;273;0,15;16;1;15;T;0,15;517;0,00;0,00;0,00;0,00;0,00;0;0,00;0,00;0,00;60,00;0;0;0;0;0;0;0;0;0;0
659;273;0,01;9;1;15;T;0,03;880;438,42;56,30;135,97;170,60;59,63;0;860,92;630,69;0,98;20,00;0;0;0;0;0;0;0;0;0;0
273;274;0,01;9;1;15;T;0,02;1397;438,42;56,30;135,97;170,60;59,63;0;860,92;630,69;0,62;30,00;0;0;0;0;0;0;0;0;0;0
661;274;0,01;8;1;15;T;0,02;1397;295,11;56,67;120,23;279,26;69,17;0;820,44;472,01;0,59;30,00;0;0;0;0;0;0;0;0;0;0
274;275;0,10;9;1;21;T;0,18;1793;29,91;4,87;21,49;27,07;5,33;0;88,67;56,27;0,05;33,33;0;0;0;0;0;0;0;0;0;0
276;275;0,15;8;1;20;T;0,24;1914;129,60;28,52;33,68;50,72;4,99;0;247,51;191,80;0,13;37,50;0;0;0;0;0;0;0;0;0;0
298;275;0,07;7;1;20;T;0,11;1914;68,18;14,31;16,62;35,66;4,24;0;139,01;99,11;0,07;38,18;0;0;0;0;0;0;0;0;0;0
275;276;0,15;8;1;20;T;0,24;1914;94,82;19,01;37,32;61,71;9,33;0;222,19;151,15;0,12;37,50;0;0;0;0;0;0;0;0;0;0
277;276;0,05;9;1;20;T;0,08;1914;203,89;32,55;35,36;51,49;5,75;0;329,04;271,80;0,17;37,50;0;0;0;0;0;0;0;0;0;0
276;277;0,05;9;1;20;T;0,08;1914;59,03;14,86;50,35;64,19;7,95;0;196,38;124,24;0,10;37,50;0;0;0;0;0;0;0;0;0;0
278;277;0,09;8;1;20;T;0,22;814;191,89;31,69;53,04;53,67;5,52;0;335,81;276,62;0,41;24,55;0;0;0;0;0;0;0;0;0;0
328;277;0,47;7;1;18;T;0,58;1958;55,42;4,32;9,44;6,26;0,90;1;77,34;69,18;0,04;48,62;0;0;0;0;0;0;0;0;0;0
277;278;0,09;8;1;20;T;0,18;814;81,11;13,97;40,84;68,67;8,56;0;213,15;135,92;0,26;30,00;0;0;0;0;0;0;0;0;0;0
300;278;0,17;8;1;20;T;0,51;814;243,85;42,49;59,06;112,77;7,16;0;465,33;345,40;0,57;20,00;0;0;0;0;0;0;0;0;0;0
302;278;0,07;13;1;20;T;0,12;814;79,09;6,68;32,09;20,27;4,64;0;142,77;117,86;0,18;35,00;0;0;0;0;0;0;0;0;0;0
226;279;0,15;7;1;20;T;0,32;1914;358,31;36,25;62,44;163,15;8,85;0;629,00;457,00;0,33;28,13;0;0;0;0;0;0;0;0;0;0
300;279;0,27;8;1;20;T;0,44;814;29,14;19,44;25,46;47,92;3,79;0;125,75;74,04;0,15;36,82;0;0;0;0;0;0;0;0;0;0
301;279;0,17;8;1;20;T;0,28;1914;9,12;4,20;3,10;28,64;1,01;0;46,07;16,42;0,02;36,43;0;0;0;0;0;0;0;0;0;0
298;280;0,23;7;1;20;T;0,37;1914;117,39;27,62;33,41;50,88;5,27;0;234,57;178,42;0,12;37,30;0;0;0;0;0;0;0;0;0;0
675;280;0,01;4;1;13;T;0,01;1000;74,07;21,69;42,36;46,96;13,34;0;198,42;138,12;0,20;60,00;0;0;0;0;0;0;0;0;0;0
677;280;0,01;4;1;13;T;0,02;1000;308,30;15,89;71,08;40,59;8,37;0;444,23;395,27;0,44;30,00;0;0;0;0;0;0;0;0;0;0
331;281;0,18;4;1;13;T;0,40;1000;365,89;68,99;88,82;196,50;51,03;0;771,23;523,70;0,77;27,00;0;0;0;0;0;0;0;0;0;0
672;281;0,01;8;1;13;T;0,02;1000;193,82;39,04;106,89;62,49;36,61;0;438,85;339,75;0,44;30,00;0;0;0;0;0;0;0;0;0;0
676;281;0,01;4;1;13;T;0,02;1000;380,62;40,02;90,58;81,52;11,42;0;604,16;511,22;0,60;30,00;0;0;0;0;0;0;0;0;0;0
283;282;0,04;8;1;21;T;0,09;693;29,00;13,75;74,73;25,21;15,41;0;158,10;117,48;0,23;26,67;0;0;0;0;0;0;0;0;0;0
666;282;0,01;8;1;15;T;0,01;1397;332,67;41,43;52,56;82,42;32,16;0;541,24;426,66;0,39;60,00;0;0;0;0;0;0;0;0;0;0
671;282;0,01;8;1;13;T;0,03;1000;526,93;65,17;125,66;216,46;55,07;0;989,29;717,76;0,99;20,00;0;0;0;0;0;0;0;0;0;0
282;283;0,04;8;1;21;T;0,19;693;392,25;31,05;38,99;97,03;22,64;0;581,96;462,29;0,84;12,63;0;0;0;0;0;0;0;0;0;0
284;283;0,11;9;1;21;T;0,28;693;57,25;16,25;84,47;50,42;23,67;0;232,06;157,97;0,33;23,57;0;0;0;0;0;0;0;0;0;0
285;284;0,07;9;1;21;T;0,36;693;126,88;31,40;150,26;193,72;59,48;0;561,74;308,54;0,81;11,67;0;0;0;0;0;0;0;0;0;0
295;284;0,10;8;1;13;T;0,19;1000;182,80;23,62;136,05;116,80;37,48;0;496,75;342,47;0,50;31,58;0;0;0;0;0;0;0;0;0;0
284;285;0,07;9;1;21;T;0,36;693;182,80;23,62;136,05;116,80;37,48;0;496,75;342,47;0,72;11,67;0;0;0;0;0;0;0;0;0;0
286;285;0,09;9;1;21;T;0,45;693;136,49;26,03;131,36;199,87;59,58;0;553,33;293,88;0,80;12,00;0;0;0;0;0;0;0;0;0;0
285;286;0,09;9;1;21;T;0,29;693;72,04;10,37;46,38;82,03;30,50;0;241,32;128,79;0,35;18,62;0;0;0;0;0;0;0;0;0;0
290;286;0,14;9;1;13;T;0,23;1000;93,59;33,46;97,28;158,90;38,69;0;421,92;224,33;0,42;36,52;0;0;0;0;0;0;0;0;0;0
737;286;0,01;9;1;20;T;0,02;814;88,89;7,47;64,94;97,03;40,30;0;298,63;161,30;0,37;30,00;0;0;0;0;0;0;0;0;0;0
288;287;0,11;9;1;21;T;0,38;693;88,89;7,47;64,97;97,03;40,30;0;298,66;161,33;0,43;17,37;0;0;0;0;0;0;0;0;0;0
289;287;0,13;9;1;21;T;0,30;693;25,08;1,01;9,25;9,60;2,54;0;47,48;35,34;0,07;26,00;0;0;0;0;0;0;0;0;0;0
738;287;0,01;9;1;21;T;0,05;693;118,04;25,27;77,24;138,08;49,91;0;408,54;220,55;0,59;12,00;0;0;0;0;0;0;0;0;0;0
258;288;0,13;9;1;21;T;0,47;693;88,89;7,47;64,97;97,03;40,30;0;298,66;161,33;0,43;16,60;0;0;0;0;0;0;0;0;0;0
287;288;0,11;9;1;21;T;0,26;693;49,00;5,58;37,43;38,71;19,92;0;150,64;92,01;0,22;25,38;0;0;0;0;0;0;0;0;0;0
40;289;0,10;9;1;21;T;0,23;693;25,08;1,01;9,25;9,60;2,54;0;47,48;35,34;0,07;26,09;0;0;0;0;0;0;0;0;0;0
287;289;0,13;9;1;21;T;0,28;693;0,39;0,04;0,10;1,08;0,46;0;2,07;0,53;0,00;27,86;0;0;0;0;0;0;0;0;0;0
291;290;0,12;9;1;13;T;0,32;1000;572,29;44,05;66,22;174,77;48,75;0;906,08;682,56;0,91;22,50;0;0;0;0;0;0;0;0;0;0
39;291;0,09;9;1;13;T;0,13;1000;116,28;7,19;29,45;86,96;21,23;0;261,11;152,92;0,26;41,54;0;0;0;0;0;0;0;0;0;0
292;291;0,08;8;1;13;T;0,21;1000;615,04;51,80;75,87;150,84;47,68;0;941,23;742,71;0,94;22,86;0;0;0;0;0;0;0;0;0;0
293;292;0,08;9;1;21;T;0,23;693;200,29;19,61;32,50;63,48;15,67;0;331,55;252,40;0,48;20,87;0;0;0;0;0;0;0;0;0;0
733;292;0,01;8;1;13;T;0,02;1000;414,75;32,19;43,37;87,36;32,01;0;609,68;490,31;0,61;30,00;0;0;0;0;0;0;0;0;0;0
294;293;0,05;8;1;22;T;0,10;495;0,00;0,00;0,00;0,00;0,00;0;0,00;0,00;0,00;30,00;0;0;0;0;0;0;0;0;0;0
598;293;0,19;9;1;21;T;0,74;693;238,89;38,12;84,62;92,13;23,78;0;477,54;361,63;0,69;15,41;0;0;0;0;0;0;0;0;0;0
293;294;0,05;8;1;22;T;0,13;495;38,60;18,51;52,12;28,65;8,11;0;145,99;109,23;0,29;23,08;0;0;0;0;0;0;0;0;0;0
331;294;0,05;8;1;22;T;0,10;495;0,00;0,00;0,00;0,00;0,00;0;0,00;0,00;0,00;30,00;0;0;0;0;0;0;0;0;0;0
284;295;0,10;8;1;13;T;0,14;1000;69,62;15,15;65,79;143,30;35,81;0;329,67;150,56;0,33;42,86;0;0;0;0;0;0;0;0;0;0
662;295;0,01;8;1;15;T;0,02;1397;438,42;56,30;135,97;170,60;59,63;0;860,92;630,69;0,62;30,00;0;0;0;0;0;0;0;0;0;0
665;295;0,01;8;1;15;T;0,02;1397;302,54;50,27;107,07;164,57;43,39;0;667,84;459,88;0,48;30,00;0;0;0;0;0;0;0;0;0;0
51;296;0,46;8;1;19;T;0,73;715;87,46;10,14;48,74;31,46;3,81;1;182,61;146,34;0,26;37,81;0;0;0;0;0;0;0;0;0;0
299;296;0,12;8;1;22;T;0,35;495;118,12;5,32;33,87;21,68;6,86;0;185,85;157,31;0,38;20,57;0;0;0;0;0;0;0;0;0;0
331;296;0,06;8;1;22;T;0,22;495;97,41;15,17;96,73;58,28;15,05;0;282,64;209,31;0,57;16,36;0;0;0;0;0;0;0;0;0;0
356;297;0,01;4;1;13;T;0,02;800;308,30;15,89;71,08;40,59;8,37;0;444,23;395,27;0,56;30,00;0;0;0;0;0;0;0;0;0;0
678;297;0,15;16;1;13;T;0,17;500;0,00;0,00;0,00;0,00;0,00;0;0,00;0,00;0,00;52,94;0;0;0;0;0;0;0;0;0;0
682;297;0,01;4;1;13;T;0,01;500;40,27;9,98;45,27;20,79;11,03;0;127,34;95,52;0,25;60,00;0;0;0;0;0;0;0;0;0;0
275;298;0,07;7;1;20;T;0,11;1914;132,87;28,68;34,47;51,74;5,22;0;252,98;196,02;0,13;38,18;0;0;0;0;0;0;0;0;0;0
280;298;0,23;7;1;20;T;0,37;1914;78,88;15,19;10,99;36,12;4,53;0;145,71;105,06;0,08;37,30;0;0;0;0;0;0;0;0;0;0
296;299;0,12;8;1;22;T;0,33;495;64,95;5,88;56,39;20,26;11,79;0;159,27;127,22;0,32;21,82;0;0;0;0;0;0;0;0;0;0
356;299;0,32;7;1;22;T;0,89;495;110,33;4,19;30,53;12,38;4,26;1;162,69;145,05;0,33;21,57;0;0;0;0;0;0;0;0;0;0
278;300;0,17;8;1;20;T;0,28;814;21,81;10,08;23,24;47,75;3,79;0;106,67;55,13;0,13;36,43;0;0;0;0;0;0;0;0;0;0
279;300;0,27;8;1;20;T;0,80;814;241,79;32,86;55,77;122,41;7,16;0;459,99;330,42;0,57;20,25;0;0;0;0;0;0;0;0;0;0
271;301;0,16;7;1;20;T;0,26;1914;9,12;4,20;3,10;28,64;1,01;0;46,07;16,42;0,02;36,92;0;0;0;0;0;0;0;0;0;0
279;301;0,17;8;1;20;T;0,28;1914;133,55;16,60;13,53;99,43;2,48;0;265,59;163,68;0,14;36,43;0;0;0;0;0;0;0;0;0;0
278;302;0,07;13;1;20;T;0,18;814;190,35;21,38;55,71;100,30;11,06;0;378,80;267,44;0,47;23,33;0;0;0;0;0;0;0;0;0;0
330;302;0,11;13;1;21;T;0,22;693;79,09;6,68;32,09;20,27;4,64;0;142,77;117,86;0,21;30,00;0;0;0;0;0;0;0;0;0;0
269;303;0,11;9;1;21;T;0,44;693;367,79;18,14;4,06;100,64;0,17;0;490,80;389,99;0,71;15,00;0;0;0;0;0;0;0;0;0;0
724;305;0,25;16;1;22;T;0,52;1100;0,00;0,00;0,00;0,00;0,00;1;1,00;0,00;0,00;28,85;0;0;0;0;0;0;0;0;0;0
725;305;0,08;16;1;22;T;0,17;1100;0,00;0,00;0,00;0,00;0,00;0;0,00;0,00;0,00;28,24;0;0;0;0;0;0;0;0;0;0
229;306;0,08;6;1;14;T;0,07;1730;20,09;11,20;27,99;29,52;0,02;0;88,82;59,28;0,05;68,57;0;0;0;0;0;0;0;0;0;0
230;306;0,16;3;1;12;T;0,17;3500;756,86;136,27;281,63;99,48;19,51;0;1293,75;1174,76;0,37;56,47;0;0;0;0;0;0;0;0;0;0
306;307;0,14;3;1;12;T;0,15;3500;776,95;147,47;309,62;129,00;19,53;0;1382,57;1234,04;0,40;56,00;0;0;0;0;0;0;0;0;0;0
224;308;0,11;3;1;12;T;0,21;2540;1202,55;198,07;295,39;235,08;72,05;0;2003,14;1696,01;0,79;31,43;0;0;0;0;0;0;0;0;0;0
228;309;0,07;3;1;12;T;0,12;2540;1027,17;198,24;244,25;269,67;83,01;0;1822,34;1469,66;0,72;35,00;0;0;0;0;0;0;0;0;0;0
324;309;0,09;6;1;14;T;0,13;1730;795,93;78,65;153,09;96,55;23,25;0;1147,47;1027,67;0,66;41,54;0;0;0;0;0;0;0;0;0;0
231;310;0,11;6;1;12;T;0,14;2540;696,00;161,24;212,45;175,93;49,44;0;1295,06;1069,69;0,51;47,14;0;0;0;0;0;0;0;0;0;0
233;310;0,28;6;1;12;T;0,27;2580;380,36;84,46;117,51;99,74;31,88;0;713,95;582,33;0,28;62,22;0;0;0;0;0;0;0;0;0;0
251;311;0,18;4;1;12;T;0,47;2000;1476,50;180,07;345,15;149,29;36,19;0;2187,20;2001,72;1,09;22,98;0;0;0;0;0;0;0;0;0;0
230;312;0,30;6;1;14;T;0,27;1730;188,24;15,56;41,44;129,29;20,92;0;395,45;245,24;0,23;66,67;0;0;0;0;0;0;0;0;0;0
323;312;0,04;6;1;12;T;0,04;2000;397,65;44,17;91,95;108,77;9,57;0;652,11;533,77;0,33;60,00;0;0;0;0;0;0;0;0;0;0
242;313;0,17;6;1;14;T;0,16;1730;322,07;60,07;83,72;69,78;12,75;0;548,39;465,86;0,32;63,75;0;0;0;0;0;0;0;0;0;0
250;313;0,40;3;1;12;T;0,45;2800;719,99;108,88;157,02;133,08;31,69;0;1150,66;985,89;0,41;53,33;0;0;0;0;0;0;0;0;0;0
248;314;0,14;6;1;14;T;0,28;1730;957,70;102,39;188,83;134,92;25,31;0;1409,15;1248,92;0,81;30,00;0;0;0;0;0;0;0;0;0;0
316;314;0,50;7;1;18;T;0,73;858;175,95;6,00;28,13;8,91;3,60;1;223,59;210,08;0,26;41,10;0;0;0;0;0;0;0;0;0;0
35;315;0,22;7;1;22;T;0,96;495;182,92;22,96;76,09;80,02;17,30;0;379,29;281,97;0,77;13,75;0;0;0;0;0;0;0;0;0;0
314;316;0,50;7;1;18;T;0,92;858;194,34;30,82;90,06;34,78;6,36;1;357,36;315,22;0,42;32,61;0;0;0;0;0;0;0;0;0;0
317;316;0,38;7;1;18;T;0,47;858;41,37;3,41;7,81;2,45;0,40;0;55,44;52,59;0,06;48,51;0;0;0;0;0;0;0;0;0;0
325;316;0,23;7;1;22;T;0,65;495;81,80;11,44;36,15;21,41;8,73;0;159,53;129,39;0,32;21,23;0;0;0;0;0;0;0;0;0;0
611;316;0,20;7;1;19;T;0,56;600;307,34;17,63;72,30;22,11;10,03;1;430,41;397,27;0,72;21,43;0;0;0;0;0;0;0;0;0;0
316;317;0,38;7;1;18;T;0,47;858;43,28;20,40;22,44;8,07;0,64;0;94,83;86,12;0,11;48,51;0;0;0;0;0;0;0;0;0;0
326;317;0,13;7;1;9;T;0,24;1300;640,27;190,15;195,39;132,92;39,77;0;1198,50;1025,81;0,92;32,50;0;0;0;0;0;0;0;0;0;0
355;317;0,23;6;1;9;T;0,50;1300;1075,45;122,80;165,52;47,52;12,40;0;1423,69;1363,77;1,10;27,60;0;0;0;0;0;0;0;0;0;0
328;318;0,61;7;1;18;T;0,75;1958;21,34;4,35;36,63;3,95;0,05;1;67,32;62,32;0,03;48,80;0;0;0;0;0;0;0;0;0;0
358;318;0,50;7;1;18;T;0,67;1958;230,97;24,42;101,43;25,91;8,79;1;392,52;356,82;0,20;44,78;0;0;0;0;0;0;0;0;0;0
362;318;0,13;7;1;18;T;0,16;1595;117,35;19,22;52,86;36,83;5,95;0;232,21;189,43;0,15;48,75;0;0;0;0;0;0;0;0;0;0
53;319;0,36;11;1;19;T;1,45;110;74,23;6,32;20,71;19,82;2,68;0;123,76;101,26;1,13;14,90;0;0;0;0;0;0;0;0;0;0
356;319;0,10;11;1;19;T;0,28;165;52,85;5,58;13,11;18,75;6,63;0;96,92;71,54;0,59;21,43;0;0;0;0;0;0;0;0;0;0
54;320;0,76;11;1;19;T;1,01;715;43,47;4,07;13,47;5,71;1,43;1;69,15;61,01;0,10;45,15;0;0;0;0;0;0;0;0;0;0
356;320;0,28;6;1;18;T;0,60;600;85,90;13,44;103,61;30,84;13,14;0;246,93;202,95;0,41;28,00;0;0;0;0;0;0;0;0;0;0
357;320;0,18;6;1;18;T;0,28;1958;332,54;13,86;104,38;48,12;12,40;0;511,30;450,78;0,26;38,57;0;0;0;0;0;0;0;0;0;0
225;321;0,32;7;1;12;T;0,27;3000;105,68;19,05;54,19;48,01;6,65;0;233,58;178,92;0,08;71,11;0;0;0;0;0;0;0;0;0;0
362;321;0,33;7;1;10;T;0,36;1010;184,05;22,35;94,84;20,28;8,00;1;330,52;301,24;0,33;55,00;0;0;0;0;0;0;0;0;0;0
610;322;0,63;3;1;11;T;0,74;3500;1335,55;208,11;256,05;366,68;72,22;1;2239,61;1799,71;0,64;51,08;0;0;0;0;0;0;0;0;0;0
626;323;0,66;16;1;12;T;0,56;1000;0,00;0,00;0,00;0,00;0,00;1;1,00;0,00;0,00;70,71;0;0;0;0;0;0;0;0;0;0
632;323;0,01;6;1;12;T;0,01;2000;397,65;44,17;91,95;108,77;9,57;0;652,11;533,77;0,33;60,00;0;0;0;0;0;0;0;0;0;0
314;324;0,24;6;1;14;T;0,34;1730;795,93;78,65;153,09;96,55;23,25;0;1147,47;1027,67;0,66;42,35;0;0;0;0;0;0;0;0;0;0
251;325;0,14;7;1;22;T;0,40;495;81,80;11,44;36,15;21,41;8,73;0;159,53;129,39;0,32;21,00;0;0;0;0;0;0;0;0;0;0
316;325;0,23;7;1;22;T;0,99;330;170,05;5,18;43,61;13,10;6,76;0;238,70;218,84;0,72;13,94;0;0;0;0;0;0;0;0;0;0
252;326;0,08;6;1;9;T;0,15;1300;640,27;190,15;195,39;132,92;39,77;0;1198,50;1025,81;0,92;32,00;0;0;0;0;0;0;0;0;0;0
317;326;0,13;7;1;9;T;0,28;1300;1046,27;129,99;169,89;50,19;12,53;0;1408,87;1346,15;1,08;27,86;0;0;0;0;0;0;0;0;0;0
253;327;0,18;7;1;17;T;0,27;1100;124,39;29,40;102,23;36,25;10,84;0;303,11;256,02;0,28;40,00;0;0;0;0;0;0;0;0;0;0
355;327;0,37;7;1;17;T;0,64;1100;303,46;23,04;31,51;45,86;19,15;0;423,02;358,01;0,38;34,69;0;0;0;0;0;0;0;0;0;0
277;328;0,47;7;1;18;T;0,58;1958;21,34;4,35;36,63;3,95;0,05;1;67,32;62,32;0,03;48,62;0;0;0;0;0;0;0;0;0;0
318;328;0,61;7;1;18;T;0,75;1958;55,42;4,32;9,44;6,26;0,90;1;77,34;69,18;0,04;48,80;0;0;0;0;0;0;0;0;0;0
273;329;0,15;16;1;15;T;0,15;517;0,00;0,00;0,00;0,00;0,00;0;0,00;0,00;0,00;60,00;0;0;0;0;0;0;0;0;0;0
656;329;0,13;16;1;13;T;0,13;500;0,00;0,00;0,00;0,00;0,00;0;0,00;0,00;0,00;60,00;0;0;0;0;0;0;0;0;0;0
658;329;0,01;9;1;13;T;0,03;700;541,13;68,48;152,77;186,10;36,78;0;985,26;762,38;1,41;20,00;0;0;0;0;0;0;0;0;0;0
660;329;0,01;9;1;15;T;0,03;880;265,20;51,79;98,74;252,19;63,85;0;731,77;415,73;0,83;20,00;0;0;0;0;0;0;0;0;0;0
272;330;0,03;9;1;20;T;0,05;814;79,09;6,68;32,09;20,27;4,64;0;142,77;117,86;0,18;36,00;0;0;0;0;0;0;0;0;0;0
302;330;0,11;13;1;21;T;0,35;693;190,35;21,38;55,71;100,30;11,06;0;378,80;267,44;0,55;18,86;0;0;0;0;0;0;0;0;0;0
41;331;0,15;4;1;13;T;0,30;1000;325,98;56,93;80,54;159,65;54,73;0;677,83;463,45;0,68;30,00;0;0;0;0;0;0;0;0;0;0
281;331;0,18;4;1;13;T;0,34;1000;339,32;61,18;118,27;77,10;30,66;0;626,53;518,77;0,63;31,76;0;0;0;0;0;0;0;0;0;0
294;331;0,05;8;1;22;T;0,13;495;38,60;18,51;52,12;28,65;8,11;0;145,99;109,23;0,29;23,08;0;0;0;0;0;0;0;0;0;0
296;331;0,06;8;1;22;T;0,22;495;180,49;10,50;52,69;39,24;7,66;0;290,58;243,68;0,59;16,36;0;0;0;0;0;0;0;0;0;0
684;332;0,01;9;1;21;T;0,03;693;235,08;13,35;22,64;74,83;3,70;0;349,60;271,07;0,50;20,00;0;0;0;0;0;0;0;0;0;0
688;332;0,01;9;1;21;T;0,02;693;20,10;3,12;19,25;15,77;3,25;0;61,49;42,47;0,09;30,00;0;0;0;0;0;0;0;0;0;0
334;333;0,14;8;1;13;T;0,24;1000;141,15;37,74;79,50;148,51;18,92;0;425,82;258,39;0,43;35,00;0;0;0;0;0;0;0;0;0;0
600;333;0,01;8;1;13;T;0,03;1000;627,74;64,46;126,26;152,11;30,80;0;1001,37;818,46;1,00;20,00;0;0;0;0;0;0;0;0;0;0
645;333;0,01;8;1;13;T;0,01;1000;9,30;3,62;10,67;6,28;0,20;0;30,07;23,59;0,03;60,00;0;0;0;0;0;0;0;0;0;0
647;334;0,01;9;1;13;T;0,02;1000;461,46;54,25;119,52;115,65;31,74;0;782,62;635,23;0,78;30,00;0;0;0;0;0;0;0;0;0;0
652;334;0,01;9;1;13;T;0,02;1000;196,00;39,63;86,31;175,49;20,52;0;517,95;321,94;0,52;30,00;0;0;0;0;0;0;0;0;0;0
351;335;0,59;4;1;12;T;0,92;2040;850,57;72,07;178,87;117,85;23,58;1;1243,94;1101,51;0,61;38,48;0;0;0;0;0;0;0;0;0;0
619;335;0,36;8;1;12;T;0,40;2540;568,08;64,15;190,58;101,80;22,57;0;947,18;822,81;0,37;54,00;0;0;0;0;0;0;0;0;0;0
45;336;0,47;6;1;12;T;0,51;2540;717,32;73,08;86,14;70,36;6,35;0;953,25;876,54;0,38;55,29;0;0;0;0;0;0;0;0;0;0
46;336;0,45;7;1;19;T;0,72;715;106,92;4,15;47,10;3,44;0,07;0;161,68;158,17;0,23;37,50;0;0;0;0;0;0;0;0;0;0
73;336;0,40;11;1;19;T;1,09;715;321,33;16,55;96,74;44,50;5,24;1;485,36;434,62;0,68;22,02;0;0;0;0;0;0;0;0;0;0
338;336;1,18;6;1;15;T;1,27;1925;327,45;46,88;54,02;30,75;2,56;1;462,66;428,35;0,24;55,75;0;0;0;0;0;0;0;0;0;0
339;336;0,60;8;1;19;T;1,82;715;378,02;31,71;92,47;35,29;5,09;1;543,58;502,20;0,76;19,78;0;0;0;0;0;0;0;0;0;0
338;337;0,68;7;1;18;T;0,93;858;106,58;10,10;34,48;23,19;0,84;1;176,19;151,16;0,21;43,87;0;0;0;0;0;0;0;0;0;0
353;337;0,60;7;1;19;T;1,42;715;210,09;21,14;103,09;62,25;16,04;1;413,61;334,32;0,58;25,35;0;0;0;0;0;0;0;0;0;0
336;338;1,18;6;1;15;T;1,27;1925;374,40;36,08;23,98;17,29;0,37;1;453,12;434,46;0,24;55,75;0;0;0;0;0;0;0;0;0;0
337;338;0,68;7;1;18;T;1,32;858;197,31;16,71;79,26;75,63;10,56;1;380,47;293,28;0,44;30,91;0;0;0;0;0;0;0;0;0;0
604;338;0,22;6;1;18;T;0,36;1925;401,86;55,13;83,18;49,49;3,35;0;593,01;540,17;0,31;36,67;0;0;0;0;0;0;0;0;0;0
336;339;0,60;8;1;19;T;1,60;715;315,08;26,67;83,51;34,49;0,51;1;461,26;425,26;0,65;22,50;0;0;0;0;0;0;0;0;0;0
340;339;0,31;8;1;19;T;0,94;715;378,02;31,71;92,47;35,29;5,09;0;542,58;502,20;0,76;19,79;0;0;0;0;0;0;0;0;0;0
339;340;0,31;8;1;19;T;0,83;715;315,08;26,67;83,51;34,49;0,51;0;460,26;425,26;0,64;22,41;0;0;0;0;0;0;0;0;0;0
605;340;0,30;8;1;19;T;0,91;715;378,02;31,71;92,47;35,29;5,09;0;542,58;502,20;0,76;19,78;0;0;0;0;0;0;0;0;0;0
350;341;0,22;8;1;19;T;0,75;715;381,45;29,69;90,52;114,86;22,90;0;639,42;501,66;0,89;17,60;0;0;0;0;0;0;0;0;0;0
605;341;0,04;8;1;12;T;0,05;2540;705,61;82,51;218,98;119,89;18,65;0;1145,64;1007,10;0,45;48,00;0;0;0;0;0;0;0;0;0;0
620;341;0,03;8;1;12;T;0,03;2540;620,81;65,79;161,43;124,49;19,37;0;991,89;848,03;0,39;60,00;0;0;0;0;0;0;0;0;0;0
343;342;0,14;6;1;12;T;0,17;2540;595,68;91,23;233,49;118,59;26,15;0;1065,14;920,40;0,42;49,41;0;0;0;0;0;0;0;0;0;0
605;342;0,41;8;1;12;T;0,47;2540;599,11;55,91;142,87;153,39;27,54;0;978,82;797,89;0,39;52,34;0;0;0;0;0;0;0;0;0;0
342;343;0,14;6;1;12;T;0,24;2040;844,03;90,47;211,25;183,74;34,58;0;1364,07;1145,75;0,67;35,00;0;0;0;0;0;0;0;0;0;0
615;343;0,38;6;1;12;T;0,45;2540;595,68;91,23;233,49;118,59;26,15;0;1065,14;920,40;0,42;50,67;0;0;0;0;0;0;0;0;0;0
345;344;0,79;6;1;18;T;1,65;825;250,10;18,14;64,56;66,91;13,10;1;413,81;332,80;0,50;28,73;0;0;0;0;0;0;0;0;0;0
604;344;0,21;6;1;18;T;0,39;1925;539,54;50,95;97,92;88,47;10,88;0;787,76;688,41;0,41;32,31;0;0;0;0;0;0;0;0;0;0
616;344;0,05;6;1;12;T;0,09;2000;844,03;90,47;211,25;183,74;34,58;0;1364,07;1145,75;0,68;33,33;0;0;0;0;0;0;0;0;0;0
623;344;0,38;6;1;12;T;0,55;2000;668,93;110,80;204,20;53,21;8,91;0;1046,05;983,93;0,52;41,45;0;0;0;0;0;0;0;0;0;0
344;345;0,79;6;1;18;T;1,54;825;231,45;8,25;63,68;51,28;11,08;1;366,74;303,38;0,44;30,78;0;0;0;0;0;0;0;0;0;0
346;345;0,47;7;1;18;T;1,07;858;323,29;21,93;61,11;76,74;12,66;1;496,73;406,33;0,58;26,36;0;0;0;0;0;0;0;0;0;0
597;345;0,69;6;1;17;T;1,05;1078;182,85;17,28;83,09;71,68;14,04;1;369,94;283,22;0,34;39,43;0;0;0;0;0;0;0;0;0;0
345;346;0,47;7;1;18;T;0,72;858;127,85;10,49;56,56;35,82;4,18;1;235,90;194,90;0,27;39,17;0;0;0;0;0;0;0;0;0;0
347;346;0,36;7;1;18;T;0,69;858;232,82;16,69;46,18;65,62;10,36;0;371,67;295,69;0,43;31,30;0;0;0;0;0;0;0;0;0;0
346;347;0,36;7;1;18;T;0,55;858;130,44;9,17;53,20;32,03;5,07;0;229,91;192,81;0,27;39,27;0;0;0;0;0;0;0;0;0;0
348;347;0,26;7;1;18;T;0,50;858;232,82;16,69;46,18;65,62;10,36;0;371,67;295,69;0,43;31,20;0;0;0;0;0;0;0;0;0;0
47;348;0,24;7;10;18;T;0,56;858;285,69;22,02;61,27;103,64;19,34;0;491,96;368,98;0,57;25,71;0;0;0;0;0;0;0;0;0;0
347;348;0,26;7;1;18;T;0,40;858;130,44;9,17;53,20;32,03;5,07;0;229,91;192,81;0,27;39,00;0;0;0;0;0;0;0;0;0;0
602;348;0,62;7;1;19;T;1,20;715;126,63;17,31;56,87;61,40;6,17;1;269,38;200,81;0,38;31,00;0;0;0;0;0;0;0;0;0;0
48;349;0,49;11;1;19;T;1,07;715;205,07;15,67;44,33;63,83;10,07;1;339,97;265,07;0,48;27,48;0;0;0;0;0;0;0;0;0;0
350;349;0,22;8;1;19;T;0,61;715;277,42;27,97;89,23;80,56;6,15;0;481,33;394,62;0,67;21,64;0;0;0;0;0;0;0;0;0;0
602;349;0,25;7;1;19;T;0,59;715;235,81;14,95;67,17;63,05;14,21;0;395,19;317,93;0,55;25,42;0;0;0;0;0;0;0;0;0;0
341;350;0,22;8;1;19;T;0,61;715;277,42;27,97;89,23;80,56;6,15;0;481,33;394,62;0,67;21,64;0;0;0;0;0;0;0;0;0;0
349;350;0,22;8;1;19;T;0,75;715;381,45;29,69;90,52;114,86;22,90;0;639,42;501,66;0,89;17,60;0;0;0;0;0;0;0;0;0;0
72;351;0,44;7;10;18;T;1,07;858;357,51;22,17;83,84;71,91;16,20;1;552,63;463,52;0,64;24,67;0;0;0;0;0;0;0;0;0;0
335;351;0,59;4;1;12;T;0,58;2540;325,80;38,75;163,99;100,48;21,22;1;651,24;528,54;0,26;61,03;0;0;0;0;0;0;0;0;0;0
603;351;0,03;4;1;12;T;0,03;2540;574,72;59,75;137,05;71,48;9,94;0;852,94;771,52;0,34;60,00;0;0;0;0;0;0;0;0;0;0
355;352;0,26;7;1;8;T;0,27;3000;795,76;229,34;307,88;172,12;50,72;0;1555,82;1332,98;0,52;57,78;0;0;0;0;0;0;0;0;0;0
612;352;0,08;7;1;6;T;0,09;3000;1387,60;142,35;205,80;104,65;32,19;0;1872,59;1735,75;0,62;53,33;0;0;0;0;0;0;0;0;0;0
337;353;0,60;7;1;19;T;1,35;715;248,78;17,31;71,18;28,27;9,26;1;375,80;337,27;0,53;26,67;0;0;0;0;0;0;0;0;0;0
611;353;0,10;7;1;22;T;0,57;600;333,92;40,38;157,74;85,52;24,20;0;641,76;532,04;1,07;10,53;0;0;0;0;0;0;0;0;0;0
248;354;0,02;6;1;12;T;0,06;1000;668,93;110,80;204,20;53,21;8,91;0;1046,05;983,93;1,05;20,00;0;0;0;0;0;0;0;0;0;0
623;354;0,61;16;1;12;T;0,52;1000;0,00;0,00;0,00;0,00;0,00;1;1,00;0,00;0,00;70,38;0;0;0;0;0;0;0;0;0;0
625;354;0,02;6;1;12;T;0,05;1500;1073,60;115,74;197,58;172,97;26,89;0;1586,78;1386,92;1,06;24,00;0;0;0;0;0;0;0;0;0;0
317;355;0,23;6;1;9;T;0,44;1300;671,37;199,95;205,65;135,87;39,88;0;1252,72;1076,97;0,96;31,36;0;0;0;0;0;0;0;0;0;0
327;355;0,37;7;1;17;T;0,54;1100;124,39;29,40;102,23;36,25;10,84;0;303,11;256,02;0,28;41,11;0;0;0;0;0;0;0;0;0;0
352;355;0,26;7;1;6;T;0,30;3000;1378,91;145,84;197,03;93,37;31,55;0;1846,70;1721,78;0,62;52,00;0;0;0;0;0;0;0;0;0;0
297;356;0,01;4;1;13;T;0,01;800;40,27;9,98;45,27;20,79;11,03;0;127,34;95,52;0,16;60,00;0;0;0;0;0;0;0;0;0;0
299;356;0,32;7;1;22;T;0,88;495;67,70;6,15;57,27;14,07;7,52;1;153,71;131,12;0,31;21,82;0;0;0;0;0;0;0;0;0;0
319;356;0,10;11;1;19;T;0,98;110;83,01;7,46;26,63;22,98;6,50;0;146,58;117,10;1,33;6,12;0;0;0;0;0;0;0;0;0;0
320;356;0,28;6;1;18;T;0,95;600;366,40;15,50;89,15;44,72;7,35;0;523,12;471,05;0,87;17,68;0;0;0;0;0;0;0;0;0;0
320;357;0,18;6;1;18;T;0,22;1958;58,03;6,61;72,30;17,37;6,93;0;161,24;136,94;0,08;49,09;0;0;0;0;0;0;0;0;0;0
358;357;0,43;6;1;18;T;0,67;1958;332,54;13,86;104,38;48,12;12,40;0;511,30;450,78;0,26;38,51;0;0;0;0;0;0;0;0;0;0
54;358;0,37;11;1;18;T;0,51;1958;274,84;25,93;93,39;39,41;7,96;0;441,53;394,16;0,23;43,53;0;0;0;0;0;0;0;0;0;0
318;358;0,50;7;1;18;T;0,61;1958;130,18;21,32;86,64;40,15;5,89;1;285,18;238,14;0,15;49,18;0;0;0;0;0;0;0;0;0;0
357;358;0,43;6;1;18;T;0,53;1958;58,03;6,61;72,30;17,37;6,93;0;161,24;136,94;0,08;48,68;0;0;0;0;0;0;0;0;0;0
596;358;0,11;6;1;18;T;0,20;1958;461,22;19,30;122,57;64,84;22,29;0;690,22;603,09;0,35;33,00;0;0;0;0;0;0;0;0;0;0
74;359;0,32;2;1;12;T;0,58;2540;1122,77;193,42;205,31;295,27;58,74;0;1875,51;1521,50;0,74;33,10;0;0;0;0;0;0;0;0;0;0
361;360;0,28;6;1;18;T;0,39;1958;185,76;14,38;106,81;76,61;16,51;0;400,07;306,95;0,20;43,08;0;0;0;0;0;0;0;0;0;0
606;360;0,18;6;1;17;T;0,25;2178;388,93;16,57;86,45;65,11;19,23;0;576,29;491,95;0,26;43,20;0;0;0;0;0;0;0;0;0;0
52;361;0,49;11;1;19;T;1,01;715;153,16;5,39;77,43;42,45;11,79;1;291,22;235,98;0,41;29,11;0;0;0;0;0;0;0;0;0;0
360;361;0,28;6;1;18;T;0,45;1958;388,93;16,57;86,45;65,11;19,23;0;576,29;491,95;0,29;37,33;0;0;0;0;0;0;0;0;0;0
596;361;0,36;6;1;13;T;0,42;1800;155,49;15,20;108,03;42,72;9,49;0;330,93;278,72;0,18;51,43;0;0;0;0;0;0;0;0;0;0
318;362;0,13;7;1;18;T;0,16;1958;184,05;22,35;94,84;20,28;8,00;0;329,52;301,24;0,17;48,75;0;0;0;0;0;0;0;0;0;0
321;362;0,33;7;1;10;T;0,30;3000;123,13;20,00;56,93;40,79;6,83;0;247,68;200,06;0,08;66,00;0;0;0;0;0;0;0;0;0;0
718;595;0,05;16;1;22;T;0,10;1100;0,00;0,00;0,00;0,00;0,00;0;0,00;0,00;0,00;30,00;0;0;0;0;0;0;0;0;0;0
720;595;0,01;7;1;20;T;0,02;1100;51,85;15,28;34,20;6,83;4,38;0;112,54;101,33;0,10;30,00;0;0;0;0;0;0;0;0;0;0
721;595;0,01;7;1;20;T;0,02;1100;253,75;18,42;24,31;66,06;19,39;0;381,93;296,48;0,35;30,00;0;0;0;0;0;0;0;0;0;0
722;595;0,20;16;1;22;T;0,41;1100;0,00;0,00;0,00;0,00;0,00;0;0,00;0,00;0,00;29,27;0;0;0;0;0;0;0;0;0;0
358;596;0,11;6;1;18;T;0,15;1958;167,34;16,91;111,84;41,90;9,33;0;347,32;296,09;0,18;44,00;0;0;0;0;0;0;0;0;0;0
361;596;0,36;6;1;13;T;0,55;1800;461,87;18,57;121,09;60,65;21,35;0;683,53;601,53;0,38;39,27;0;0;0;0;0;0;0;0;0;0
345;597;0,69;6;1;17;T;1,36;1078;359,65;18,83;86,76;96,97;20,50;1;583,71;465,24;0,54;30,44;0;0;0;0;0;0;0;0;0;0
607;597;0,16;6;1;17;T;0,24;1078;182,85;17,28;83,13;71,73;14,04;0;369,03;283,26;0,34;40,00;0;0;0;0;0;0;0;0;0;0
283;598;0,05;9;1;21;T;0,26;693;420,50;33,54;48,73;122,23;30,90;0;655,90;502,77;0,95;11,54;0;0;0;0;0;0;0;0;0;0
256;599;0,02;9;1;21;T;0,08;1100;378,62;38,62;163,90;107,58;41,54;0;730,26;581,14;0,66;15,00;0;0;0;0;0;0;0;0;0;0
333;600;0,01;8;1;13;T;0,02;1000;147,30;39,60;89,67;152,88;19,12;0;448,57;276,57;0,45;30,00;0;0;0;0;0;0;0;0;0;0
641;600;0,14;16;1;12;T;0,12;1700;0,00;0,00;0,00;0,00;0,00;0;0,00;0,00;0,00;70,00;0;0;0;0;0;0;0;0;0;0
643;600;0,01;8;1;12;T;0,01;2000;692,93;57,72;121,99;267,85;31,87;0;1172,36;872,64;0,59;60,00;0;0;0;0;0;0;0;0;0;0
252;601;0,15;7;1;18;T;0,21;858;70,41;19,20;29,10;62,11;19,86;0;200,68;118,71;0,23;42,86;0;0;0;0;0;0;0;0;0;0
253;601;0,07;7;1;18;T;0,09;858;18,13;8,84;19,27;23,74;20,00;0;89,98;46,24;0,10;46,67;0;0;0;0;0;0;0;0;0;0
348;602;0,62;7;1;19;T;1,20;715;133,33;12,37;42,51;68,10;12,36;1;269,67;188,21;0,38;31,00;0;0;0;0;0;0;0;0;0;0
349;602;0,25;7;1;19;T;0,53;715;174,77;17,20;64,44;62,17;5,66;0;324,24;256,41;0,45;28,30;0;0;0;0;0;0;0;0;0;0
49;603;0,69;15;10;12;T;0,58;1270;0,00;0,00;0,00;0,00;0,00;1;1,00;0,00;0,00;71,38;0;0;0;0;0;0;0;0;0;0
351;603;0,03;4;1;12;T;0,03;1800;296,94;23,22;132,73;62,03;12,64;0;527,56;452,89;0,29;60,00;0;0;0;0;0;0;0;0;0;0
614;603;0,01;4;1;12;T;0,01;2000;574,72;59,75;137,05;71,48;9,94;0;852,94;771,52;0,43;60,00;0;0;0;0;0;0;0;0;0;0
338;604;0,22;6;1;18;T;0,41;1925;539,54;50,95;97,92;88,47;10,88;0;787,76;688,41;0,41;32,20;0;0;0;0;0;0;0;0;0;0
344;604;0,21;6;1;18;T;0,34;1925;401,86;55,13;83,18;49,49;3,35;0;593,01;540,17;0,31;37,06;0;0;0;0;0;0;0;0;0;0
340;605;0,30;8;1;19;T;0,80;715;315,08;26,67;83,51;34,49;0,51;0;460,26;425,26;0,64;22,50;0;0;0;0;0;0;0;0;0;0
341;605;0,04;8;1;12;T;0,06;2540;862,37;85,86;191,11;176,88;32,20;0;1348,42;1139,34;0,53;40,00;0;0;0;0;0;0;0;0;0;0
342;605;0,41;8;1;12;T;0,45;2540;505,29;57,60;179,69;97,21;18,58;0;858,37;742,58;0,34;54,67;0;0;0;0;0;0;0;0;0;0
360;606;0,18;6;1;17;T;0,22;2178;185,76;14,38;106,81;76,61;16,51;0;400,07;306,95;0,18;49,09;0;0;0;0;0;0;0;0;0;0
607;606;0,14;6;1;17;T;0,32;1078;440,86;18,72;102,35;82,32;20,93;0;665,18;561,93;0,62;26,25;0;0;0;0;0;0;0;0;0;0
613;606;0,04;6;1;12;T;0,03;2540;119,21;11,06;50,28;20,07;5,09;0;205,71;180,55;0,08;80,00;0;0;0;0;0;0;0;0;0;0
74;607;0,33;6;1;12;T;0,34;1750;339,78;18,47;63,56;69,77;15,67;0;507,25;421,81;0,29;58,24;0;0;0;0;0;0;0;0;0;0
597;607;0,16;6;1;17;T;0,32;1078;359,70;18,83;86,77;96,89;20,61;0;582,80;465,30;0,54;30,00;0;0;0;0;0;0;0;0;0;0
606;607;0,14;6;1;17;T;0,20;1078;137,02;13,39;85,89;58,81;12,16;0;307,27;236,30;0,29;42,00;0;0;0;0;0;0;0;0;0;0
609;608;0,33;2;1;12;T;0,37;2540;570,90;127,69;229,08;80,78;13,18;0;1021,63;927,67;0,40;53,51;0;0;0;0;0;0;0;0;0;0
222;609;0,67;3;1;12;T;0,71;3500;684,33;137,98;275,29;96,89;17,38;1;1212,87;1097,60;0,35;56,62;0;0;0;0;0;0;0;0;0;0
359;610;0,35;2;1;11;T;0,40;3000;1122,77;193,42;205,31;295,27;58,74;0;1875,51;1521,50;0,63;52,50;0;0;0;0;0;0;0;0;0;0
607;610;0,36;6;1;12;T;0,32;1750;212,78;14,69;50,74;71,41;13,48;0;363,10;278,21;0,21;67,50;0;0;0;0;0;0;0;0;0;0
316;611;0,20;7;1;19;T;0,57;600;235,56;31,71;112,14;50,66;14,52;1;445,59;379,41;0,74;21,05;0;0;0;0;0;0;0;0;0;0
353;611;0,10;7;1;22;T;0,60;600;494,82;41,50;148,18;59,60;21,46;0;765,56;684,50;1,28;10,00;0;0;0;0;0;0;0;0;0;0
612;611;0,76;11;1;17;T;0,89;1078;102,05;9,07;46,72;35,21;9,74;1;203,79;157,84;0,19;51,24;0;0;0;0;0;0;0;0;0;0
50;612;0,74;7;1;6;T;0,86;3000;1372,89;136,44;216,17;127,90;40,64;1;1895,04;1725,50;0,63;51,63;0;0;0;0;0;0;0;0;0;0
352;612;0,08;7;1;8;T;0,09;3000;851,16;232,79;326,03;190,48;53,83;0;1654,29;1409,98;0,55;53,33;0;0;0;0;0;0;0;0;0;0
611;612;0,76;11;1;17;T;1,11;1078;191,18;24,28;77,00;37,85;11,49;1;342,80;292,46;0,32;41,08;0;0;0;0;0;0;0;0;0;0
362;613;0,67;7;1;22;T;1,39;2695;5,78;0,77;4,06;3,96;0,88;1;16,45;10,61;0,01;28,92;0;0;0;0;0;0;0;0;0;0
609;613;0,30;6;1;12;T;0,25;1750;113,43;10,29;46,21;16,11;4,20;0;190,24;169,93;0,11;72,00;0;0;0;0;0;0;0;0;0;0
76;614;0,67;4;10;12;T;0,81;1800;574,72;59,75;137,05;71,48;9,94;1;853,94;771,52;0,47;49,63;0;0;0;0;0;0;0;0;0;0
603;614;0,01;4;1;12;T;0,01;1000;296,94;23,22;132,73;62,03;12,64;0;527,56;452,89;0,53;60,00;0;0;0;0;0;0;0;0;0;0
343;615;0,38;6;1;12;T;0,66;2040;844,03;90,47;211,25;183,74;34,58;0;1364,07;1145,75;0,67;34,55;0;0;0;0;0;0;0;0;0;0
616;615;0,33;15;1;12;T;0,28;1270;0,00;0,00;0,00;0,00;0,00;0;0,00;0,00;0,00;70,71;0;0;0;0;0;0;0;0;0;0
617;615;0,01;6;1;12;T;0,01;2540;595,68;91,23;233,49;118,59;26,15;0;1065,14;920,40;0,42;60,00;0;0;0;0;0;0;0;0;0;0
344;616;0,05;6;1;12;T;0,07;2000;595,68;91,23;233,49;118,59;26,15;0;1065,14;920,40;0,53;42,86;0;0;0;0;0;0;0;0;0;0
615;616;0,33;15;1;12;T;0,28;1270;0,00;0,00;0,00;0,00;0,00;0;0,00;0,00;0,00;70,71;0;0;0;0;0;0;0;0;0;0
618;616;0,02;6;1;12;T;0,03;2540;844,03;90,47;211,25;183,74;34,58;0;1364,07;1145,75;0,54;40,00;0;0;0;0;0;0;0;0;0;0
615;617;0,01;6;1;12;T;0,01;2540;844,03;90,47;211,25;183,74;34,58;0;1364,07;1145,75;0,54;60,00;0;0;0;0;0;0;0;0;0;0
618;617;0,31;6;1;12;T;0,63;1270;595,68;91,23;233,49;118,59;26,15;0;1065,14;920,40;0,84;29,52;0;0;0;0;0;0;0;0;0;0
616;618;0,02;6;1;12;T;0,02;2540;595,68;91,23;233,49;118,59;26,15;0;1065,14;920,40;0,42;60,00;0;0;0;0;0;0;0;0;0;0
617;618;0,31;6;1;12;T;0,79;1270;844,03;90,47;211,25;183,74;34,58;0;1364,07;1145,75;1,07;23,54;0;0;0;0;0;0;0;0;0;0
335;619;0,36;8;1;12;T;0,47;2040;620,81;65,79;161,43;124,49;19,37;0;991,89;848,03;0,49;45,96;0;0;0;0;0;0;0;0;0;0
620;619;0,15;15;1;12;T;0,13;1270;0,00;0,00;0,00;0,00;0,00;0;0,00;0,00;0,00;69,23;0;0;0;0;0;0;0;0;0;0
621;619;0,01;8;1;12;T;0,02;1270;568,08;64,15;190,58;101,80;22,57;0;947,18;822,81;0,75;30,00;0;0;0;0;0;0;0;0;0;0
341;620;0,03;8;1;12;T;0,03;2540;568,08;64,15;190,58;101,80;22,57;0;947,18;822,81;0,37;60,00;0;0;0;0;0;0;0;0;0;0
619;620;0,15;15;1;12;T;0,13;1270;0,00;0,00;0,00;0,00;0,00;0;0,00;0,00;0,00;69,23;0;0;0;0;0;0;0;0;0;0
622;620;0,01;8;1;12;T;0,02;1270;620,81;65,79;161,43;124,49;19,37;0;991,89;848,03;0,78;30,00;0;0;0;0;0;0;0;0;0;0
619;621;0,01;8;1;12;T;0,02;1270;620,81;65,79;161,43;124,49;19,37;0;991,89;848,03;0,78;30,00;0;0;0;0;0;0;0;0;0;0
622;621;0,14;8;1;12;T;0,25;1270;568,08;64,15;190,58;101,80;22,57;0;947,18;822,81;0,75;33,60;0;0;0;0;0;0;0;0;0;0
620;622;0,01;8;1;12;T;0,02;1270;568,08;64,15;190,58;101,80;22,57;0;947,18;822,81;0,75;30,00;0;0;0;0;0;0;0;0;0;0
621;622;0,14;8;1;12;T;0,26;1270;620,81;65,79;161,43;124,49;19,37;0;991,89;848,03;0,78;32,31;0;0;0;0;0;0;0;0;0;0
344;623;0,38;6;1;12;T;0,63;2500;1073,60;115,74;197,58;172,97;26,89;0;1586,78;1386,92;0,63;36,19;0;0;0;0;0;0;0;0;0;0
354;623;0,61;16;1;12;T;0,52;1000;0,00;0,00;0,00;0,00;0,00;1;1,00;0,00;0,00;70,38;0;0;0;0;0;0;0;0;0;0
624;623;0,01;6;1;12;T;0,01;2000;668,93;110,80;204,20;53,21;8,91;0;1046,05;983,93;0,52;60,00;0;0;0;0;0;0;0;0;0;0
623;624;0,01;6;1;12;T;0,02;1600;1073,60;115,74;197,58;172,97;26,89;0;1586,78;1386,92;0,99;30,00;0;0;0;0;0;0;0;0;0;0
625;624;0,59;6;1;12;T;1,47;1000;668,93;110,80;204,20;53,21;8,91;0;1046,05;983,93;1,05;24,08;0;0;0;0;0;0;0;0;0;0
354;625;0,02;6;1;12;T;0,05;1000;668,93;110,80;204,20;53,21;8,91;0;1046,05;983,93;1,05;24,00;0;0;0;0;0;0;0;0;0;0
624;625;0,59;6;1;12;T;1,48;1500;1073,60;115,74;197,58;172,97;26,89;0;1586,78;1386,92;1,06;23,92;0;0;0;0;0;0;0;0;0;0
248;626;0,04;6;1;12;T;0,05;1600;397,65;44,17;91,95;108,77;9,57;0;652,11;533,77;0,41;48,00;0;0;0;0;0;0;0;0;0;0
628;627;0,58;16;1;12;T;0,49;1000;0,00;0,00;0,00;0,00;0,00;1;1,00;0,00;0,00;71,02;0;0;0;0;0;0;0;0;0;0
630;627;0,01;6;1;12;T;0,01;1800;96,91;31,63;65,77;43,06;3,26;0;240,63;194,31;0,13;60,00;0;0;0;0;0;0;0;0;0;0
249;628;0,05;6;1;12;T;0,04;2000;96,91;31,63;65,77;43,06;3,26;0;240,63;194,31;0,12;75,00;0;0;0;0;0;0;0;0;0;0
626;629;0,01;6;1;12;T;0,01;1800;397,65;44,17;91,95;108,77;9,57;0;652,11;533,77;0,36;60,00;0;0;0;0;0;0;0;0;0;0
631;630;0,57;6;1;12;T;0,55;900;96,91;31,63;65,77;43,06;3,26;0;240,63;194,31;0,27;62,18;0;0;0;0;0;0;0;0;0;0
628;631;0,01;6;1;12;T;0,01;2000;96,91;31,63;65,77;43,06;3,26;0;240,63;194,31;0,12;60,00;0;0;0;0;0;0;0;0;0;0
629;632;0,65;6;1;12;T;1,14;900;397,65;44,17;91,95;108,77;9,57;1;653,11;533,77;0,73;34,21;0;0;0;0;0;0;0;0;0;0
634;633;0,11;16;1;12;T;0,09;1000;0,00;0,00;0,00;0,00;0,00;0;0,00;0,00;0,00;73,33;0;0;0;0;0;0;0;0;0;0
637;633;0,01;6;1;12;T;0,01;1000;164,77;68,65;117,22;139,75;19,55;0;509,94;350,64;0,51;60,00;0;0;0;0;0;0;0;0;0;0
271;634;0,01;6;1;12;T;0,01;2000;164,77;68,65;117,22;139,75;19,55;0;509,94;350,64;0,25;60,00;0;0;0;0;0;0;0;0;0;0
312;635;0,01;6;1;12;T;0,01;2000;585,90;59,73;133,38;238,07;30,49;0;1047,57;779,01;0,52;60,00;0;0;0;0;0;0;0;0;0;0
635;636;0,06;16;1;12;T;0,05;1000;0,00;0,00;0,00;0,00;0,00;0;0,00;0,00;0,00;72,00;0;0;0;0;0;0;0;0;0;0
640;636;0,01;6;1;12;T;0,01;2000;585,90;59,73;133,38;238,07;30,49;0;1047,57;779,01;0,52;60,00;0;0;0;0;0;0;0;0;0;0
638;637;0,10;6;1;12;T;0,13;1000;164,77;68,65;117,22;139,75;19,55;0;509,94;350,64;0,51;46,15;0;0;0;0;0;0;0;0;0;0
634;638;0,01;6;1;12;T;0,01;2000;164,77;68,65;117,22;139,75;19,55;0;509,94;350,64;0,25;60,00;0;0;0;0;0;0;0;0;0;0
635;639;0,01;6;1;12;T;0,02;1000;585,90;59,73;133,38;238,07;30,49;0;1047,57;779,01;1,05;30,00;0;0;0;0;0;0;0;0;0;0
639;640;0,06;6;1;12;T;0,15;1000;585,90;59,73;133,38;238,07;30,49;0;1047,57;779,01;1,05;24,00;0;0;0;0;0;0;0;0;0;0
271;641;0,01;8;1;12;T;0,02;2000;692,93;57,72;121,99;267,85;31,87;0;1172,36;872,64;0,59;30,00;0;0;0;0;0;0;0;0;0;0
600;641;0,14;16;1;12;T;0,12;1700;0,00;0,00;0,00;0,00;0,00;0;0,00;0,00;0,00;70,00;0;0;0;0;0;0;0;0;0;0
642;641;0,01;8;1;12;T;0,01;2000;147,37;54,24;95,40;98,74;19,46;0;415,21;297,01;0,21;60,00;0;0;0;0;0;0;0;0;0;0
641;642;0,01;8;1;12;T;0,01;2000;692,93;57,72;121,99;267,85;31,87;0;1172,36;872,64;0,59;60,00;0;0;0;0;0;0;0;0;0;0
643;642;0,13;8;1;12;T;0,12;1700;147,37;54,24;95,40;98,74;19,46;0;415,21;297,01;0,24;65,00;0;0;0;0;0;0;0;0;0;0
600;643;0,01;8;1;12;T;0,01;2000;147,37;54,24;95,40;98,74;19,46;0;415,21;297,01;0,21;60,00;0;0;0;0;0;0;0;0;0;0
642;643;0,13;8;1;12;T;0,22;1700;692,93;57,72;121,99;267,85;31,87;0;1172,36;872,64;0,69;35,45;0;0;0;0;0;0;0;0;0;0
267;644;0,01;8;1;13;T;0,01;1000;9,30;3,62;10,67;6,28;0,20;0;30,07;23,59;0,03;60,00;0;0;0;0;0;0;0;0;0;0
645;644;0,03;16;1;13;T;0,03;500;0,00;0,00;0,00;0,00;0,00;0;0,00;0,00;0,00;60,00;0;0;0;0;0;0;0;0;0;0
651;644;0,01;8;1;13;T;0,03;1000;630,90;66,22;126,76;154,01;30,80;0;1008,69;823,88;1,01;20,00;0;0;0;0;0;0;0;0;0;0
333;645;0,01;8;1;13;T;0,03;1000;630,90;66,22;126,76;154,01;30,80;0;1008,69;823,88;1,01;20,00;0;0;0;0;0;0;0;0;0;0
644;645;0,03;16;1;13;T;0,03;500;0,00;0,00;0,00;0,00;0,00;0;0,00;0,00;0,00;60,00;0;0;0;0;0;0;0;0;0;0
650;645;0,01;8;1;13;T;0,01;1000;9,30;3,62;10,67;6,28;0,20;0;30,07;23,59;0,03;60,00;0;0;0;0;0;0;0;0;0;0
267;646;0,01;9;1;13;T;0,02;1000;461,46;54,25;119,52;115,65;31,74;0;782,62;635,23;0,78;30,00;0;0;0;0;0;0;0;0;0;0
647;646;0,09;16;1;13;T;0,09;300;0,00;0,00;0,00;0,00;0,00;0;0,00;0,00;0,00;60,00;0;0;0;0;0;0;0;0;0;0
648;646;0,01;8;1;13;T;0,01;700;54,85;1,88;6,81;26,99;1,60;0;92,13;63,54;0,13;60,00;0;0;0;0;0;0;0;0;0;0
334;647;0,01;9;1;13;T;0,01;1000;54,85;1,88;6,81;26,99;1,60;0;92,13;63,54;0,09;60,00;0;0;0;0;0;0;0;0;0;0
646;647;0,09;16;1;13;T;0,09;300;0,00;0,00;0,00;0,00;0,00;0;0,00;0,00;0,00;60,00;0;0;0;0;0;0;0;0;0;0
649;647;0,01;8;1;13;T;0,03;700;461,46;54,25;119,52;115,65;31,74;0;782,62;635,23;1,12;20,00;0;0;0;0;0;0;0;0;0;0
646;648;0,01;8;1;13;T;0,03;700;461,46;54,25;119,52;115,65;31,74;0;782,62;635,23;1,12;20,00;0;0;0;0;0;0;0;0;0;0
649;648;0,09;8;1;13;T;0,09;700;54,85;1,88;6,81;26,99;1,60;0;92,13;63,54;0,13;60,00;0;0;0;0;0;0;0;0;0;0
647;649;0,01;8;1;13;T;0,01;700;54,85;1,88;6,81;26,99;1,60;0;92,13;63,54;0,13;60,00;0;0;0;0;0;0;0;0;0;0
648;649;0,09;8;1;13;T;0,25;700;461,46;54,25;119,52;115,65;31,74;0;782,62;635,23;1,12;21,60;0;0;0;0;0;0;0;0;0;0
645;650;0,01;8;1;13;T;0,03;1000;630,90;66,22;126,76;154,01;30,80;0;1008,69;823,88;1,01;20,00;0;0;0;0;0;0;0;0;0;0
651;650;0,03;8;1;13;T;0,03;1000;9,30;3,62;10,67;6,28;0,20;0;30,07;23,59;0,03;60,00;0;0;0;0;0;0;0;0;0;0
644;651;0,01;8;1;13;T;0,01;1000;9,30;3,62;10,67;6,28;0,20;0;30,07;23,59;0,03;60,00;0;0;0;0;0;0;0;0;0;0
650;651;0,03;8;1;13;T;0,08;1000;630,90;66,22;126,76;154,01;30,80;0;1008,69;823,88;1,01;22,50;0;0;0;0;0;0;0;0;0;0
334;652;0,01;9;1;13;T;0,02;1000;461,46;54,25;119,52;115,65;31,74;0;782,62;635,23;0,78;30,00;0;0;0;0;0;0;0;0;0;0
653;652;0,06;16;1;13;T;0,07;500;0,00;0,00;0,00;0,00;0,00;0;0,00;0,00;0,00;51,43;0;0;0;0;0;0;0;0;0;0
654;652;0,01;9;1;13;T;0,02;700;196,00;39,63;86,31;175,49;20,52;0;517,95;321,94;0,74;30,00;0;0;0;0;0;0;0;0;0;0
272;653;0,01;9;1;13;T;0,02;1000;196,00;39,63;86,31;175,49;20,52;0;517,95;321,94;0,52;30,00;0;0;0;0;0;0;0;0;0;0
652;653;0,06;16;1;13;T;0,06;500;0,00;0,00;0,00;0,00;0,00;0;0,00;0,00;0,00;60,00;0;0;0;0;0;0;0;0;0;0
655;653;0,01;9;1;13;T;0,03;700;461,46;54,25;119,52;115,65;31,74;0;782,62;635,23;1,12;20,00;0;0;0;0;0;0;0;0;0;0
652;654;0,01;9;1;13;T;0,03;700;461,46;54,25;119,52;115,65;31,74;0;782,62;635,23;1,12;20,00;0;0;0;0;0;0;0;0;0;0
655;654;0,06;9;1;13;T;0,13;700;196,00;39,63;86,31;175,49;20,52;0;517,95;321,94;0,74;27,69;0;0;0;0;0;0;0;0;0;0
653;655;0,01;9;1;13;T;0,02;700;196,00;39,63;86,31;175,49;20,52;0;517,95;321,94;0,74;30,00;0;0;0;0;0;0;0;0;0;0
654;655;0,06;9;1;13;T;0,17;700;461,46;54,25;119,52;115,65;31,74;0;782,62;635,23;1,12;21,18;0;0;0;0;0;0;0;0;0;0
272;656;0,01;9;1;13;T;0,03;1000;541,13;68,48;152,77;186,10;36,78;0;985,26;762,38;0,99;20,00;0;0;0;0;0;0;0;0;0;0
329;656;0,13;16;1;13;T;0,13;500;0,00;0,00;0,00;0,00;0,00;0;0,00;0,00;0,00;60,00;0;0;0;0;0;0;0;0;0;0
657;656;0,01;9;1;13;T;0,02;700;164,40;39,16;95,93;165,91;19,13;0;484,53;299,49;0,69;30,00;0;0;0;0;0;0;0;0;0;0
656;657;0,01;9;1;13;T;0,03;700;541,13;68,48;152,77;186,10;36,78;0;985,26;762,38;1,41;20,00;0;0;0;0;0;0;0;0;0;0
658;657;0,12;9;1;13;T;0,24;700;164,40;39,16;95,93;165,91;19,13;0;484,53;299,49;0,69;30,00;0;0;0;0;0;0;0;0;0;0
329;658;0,01;9;1;13;T;0,02;700;164,40;39,16;95,93;165,91;19,13;0;484,53;299,49;0,69;30,00;0;0;0;0;0;0;0;0;0;0
657;658;0,12;9;1;13;T;0,39;700;541,13;68,48;152,77;186,10;36,78;0;985,26;762,38;1,41;18,46;0;0;0;0;0;0;0;0;0;0
273;659;0,01;9;1;15;T;0,03;880;265,20;51,79;98,74;252,19;63,85;0;731,77;415,73;0,83;20,00;0;0;0;0;0;0;0;0;0;0
660;659;0,14;9;1;15;T;0,43;880;438,42;56,30;135,97;170,60;59,63;0;860,92;630,69;0,98;19,53;0;0;0;0;0;0;0;0;0;0
329;660;0,01;9;1;15;T;0,03;880;438,42;56,30;135,97;170,60;59,63;0;860,92;630,69;0,98;20,00;0;0;0;0;0;0;0;0;0;0
659;660;0,14;9;1;15;T;0,35;880;265,20;51,79;98,74;252,19;63,85;0;731,77;415,73;0,83;24,00;0;0;0;0;0;0;0;0;0;0
274;661;0,01;8;1;15;T;0,02;1397;438,42;56,30;135,97;170,60;59,63;0;860,92;630,69;0,62;30,00;0;0;0;0;0;0;0;0;0;0
662;661;0,07;16;1;15;T;0,07;517;0,00;0,00;0,00;0,00;0,00;0;0,00;0,00;0,00;60,00;0;0;0;0;0;0;0;0;0;0
663;661;0,01;8;1;15;T;0,03;880;295,11;56,67;120,23;279,26;69,17;0;820,44;472,01;0,93;20,00;0;0;0;0;0;0;0;0;0;0
295;662;0,01;8;1;15;T;0,02;1397;295,11;56,67;120,23;279,26;69,17;0;820,44;472,01;0,59;30,00;0;0;0;0;0;0;0;0;0;0
661;662;0,07;16;1;15;T;0,07;517;0,00;0,00;0,00;0,00;0,00;0;0,00;0,00;0,00;60,00;0;0;0;0;0;0;0;0;0;0
664;662;0,01;8;1;15;T;0,03;880;438,42;56,30;135,97;170,60;59,63;0;860,92;630,69;0,98;20,00;0;0;0;0;0;0;0;0;0;0
661;663;0,01;8;1;15;T;0,03;880;438,42;56,30;135,97;170,60;59,63;0;860,92;630,69;0,98;20,00;0;0;0;0;0;0;0;0;0;0
664;663;0,07;8;1;15;T;0,21;880;295,11;56,67;120,23;279,26;69,17;0;820,44;472,01;0,93;20,00;0;0;0;0;0;0;0;0;0;0
662;664;0,01;8;1;15;T;0,03;880;295,11;56,67;120,23;279,26;69,17;0;820,44;472,01;0,93;20,00;0;0;0;0;0;0;0;0;0;0
663;664;0,07;8;1;15;T;0,21;880;438,42;56,30;135,97;170,60;59,63;0;860,92;630,69;0,98;20,00;0;0;0;0;0;0;0;0;0;0
295;665;0,01;8;1;15;T;0,01;1397;332,67;41,43;52,56;82,42;32,16;0;541,24;426,66;0,39;60,00;0;0;0;0;0;0;0;0;0;0
666;665;0,12;16;1;15;T;0,12;517;0,00;0,00;0,00;0,00;0,00;0;0,00;0,00;0,00;60,00;0;0;0;0;0;0;0;0;0;0
667;665;0,01;8;1;15;T;0,02;880;302,54;50,27;107,07;164,57;43,39;0;667,84;459,88;0,76;30,00;0;0;0;0;0;0;0;0;0;0
282;666;0,01;8;1;15;T;0,02;1397;302,54;50,27;107,07;164,57;43,39;0;667,84;459,88;0,48;30,00;0;0;0;0;0;0;0;0;0;0
665;666;0,12;16;1;15;T;0,12;517;0,00;0,00;0,00;0,00;0,00;0;0,00;0,00;0,00;60,00;0;0;0;0;0;0;0;0;0;0
668;666;0,01;8;1;15;T;0,02;880;332,67;41,43;52,56;82,42;32,16;0;541,24;426,66;0,62;30,00;0;0;0;0;0;0;0;0;0;0
665;667;0,01;8;1;15;T;0,02;880;332,67;41,43;52,56;82,42;32,16;0;541,24;426,66;0,62;30,00;0;0;0;0;0;0;0;0;0;0
668;667;0,12;8;1;15;T;0,27;880;302,54;50,27;107,07;164,57;43,39;0;667,84;459,88;0,76;26,67;0;0;0;0;0;0;0;0;0;0
666;668;0,01;8;1;15;T;0,02;880;302,54;50,27;107,07;164,57;43,39;0;667,84;459,88;0,76;30,00;0;0;0;0;0;0;0;0;0;0
667;668;0,12;8;1;15;T;0,21;880;332,67;41,43;52,56;82,42;32,16;0;541,24;426,66;0,62;34,29;0;0;0;0;0;0;0;0;0;0
670;669;0,09;8;1;13;T;0,30;700;526,93;65,17;125,66;216,46;55,07;0;989,29;717,76;1,41;18,00;0;0;0;0;0;0;0;0;0;0
671;669;0,01;8;1;13;T;0,02;700;193,82;39,04;106,89;62,49;36,61;0;438,85;339,75;0,63;30,00;0;0;0;0;0;0;0;0;0;0
669;670;0,09;8;1;13;T;0,17;700;193,82;39,04;106,89;62,49;36,61;0;438,85;339,75;0,63;31,76;0;0;0;0;0;0;0;0;0;0
672;670;0,01;8;1;13;T;0,03;700;526,93;65,17;125,66;216,46;55,07;0;989,29;717,76;1,41;20,00;0;0;0;0;0;0;0;0;0;0
282;671;0,01;8;1;13;T;0,02;1000;193,82;39,04;106,89;62,49;36,61;0;438,85;339,75;0,44;30,00;0;0;0;0;0;0;0;0;0;0
669;671;0,01;8;1;13;T;0,03;700;526,93;65,17;125,66;216,46;55,07;0;989,29;717,76;1,41;20,00;0;0;0;0;0;0;0;0;0;0
672;671;0,09;16;1;13;T;0,11;500;0,00;0,00;0,00;0,00;0,00;0;0,00;0,00;0,00;49,09;0;0;0;0;0;0;0;0;0;0
281;672;0,01;8;1;13;T;0,03;1000;526,93;65,17;125,66;216,46;55,07;0;989,29;717,76;0,99;20,00;0;0;0;0;0;0;0;0;0;0
670;672;0,01;8;1;13;T;0,02;700;193,82;39,04;106,89;62,49;36,61;0;438,85;339,75;0,63;30,00;0;0;0;0;0;0;0;0;0;0
671;672;0,09;16;1;13;T;0,10;500;0,00;0,00;0,00;0,00;0,00;0;0,00;0,00;0,00;54,00;0;0;0;0;0;0;0;0;0;0
674;673;0,09;4;1;13;T;0,22;700;380,62;40,02;90,58;81,52;11,42;0;604,16;511,22;0,86;24,55;0;0;0;0;0;0;0;0;0;0
676;673;0,01;4;1;13;T;0,01;700;74,07;21,69;42,36;46,96;13,34;0;198,42;138,12;0,28;60,00;0;0;0;0;0;0;0;0;0;0
673;674;0,09;4;1;13;T;0,12;700;74,07;21,69;42,36;46,96;13,34;0;198,42;138,12;0,28;45,00;0;0;0;0;0;0;0;0;0;0
675;674;0,01;4;1;13;T;0,02;700;380,62;40,02;90,58;81,52;11,42;0;604,16;511,22;0,86;30,00;0;0;0;0;0;0;0;0;0;0
280;675;0,01;4;1;13;T;0,02;1000;380,62;40,02;90,58;81,52;11,42;0;604,16;511,22;0,60;30,00;0;0;0;0;0;0;0;0;0;0
674;675;0,01;4;1;13;T;0,01;700;74,07;21,69;42,36;46,96;13,34;0;198,42;138,12;0,28;60,00;0;0;0;0;0;0;0;0;0;0
676;675;0,09;16;1;13;T;0,10;500;0,00;0,00;0,00;0,00;0,00;0;0,00;0,00;0,00;54,00;0;0;0;0;0;0;0;0;0;0
281;676;0,01;4;1;13;T;0,01;1000;74,07;21,69;42,36;46,96;13,34;0;198,42;138,12;0,20;60,00;0;0;0;0;0;0;0;0;0;0
673;676;0,01;4;1;13;T;0,02;700;380,62;40,02;90,58;81,52;11,42;0;604,16;511,22;0,86;30,00;0;0;0;0;0;0;0;0;0;0
675;676;0,09;16;1;13;T;0,10;500;0,00;0,00;0,00;0,00;0,00;0;0,00;0,00;0,00;54,00;0;0;0;0;0;0;0;0;0;0
280;677;0,01;4;1;13;T;0,01;1000;40,27;9,98;45,27;20,79;11,03;0;127,34;95,52;0,13;60,00;0;0;0;0;0;0;0;0;0;0
678;677;0,15;16;1;13;T;0,17;500;0,00;0,00;0,00;0,00;0,00;0;0,00;0,00;0,00;52,94;0;0;0;0;0;0;0;0;0;0
680;677;0,01;4;1;13;T;0,02;700;308,30;15,89;71,08;40,59;8,37;0;444,23;395,27;0,63;30,00;0;0;0;0;0;0;0;0;0;0
297;678;0,15;16;1;13;T;0,17;500;0,00;0,00;0,00;0,00;0,00;0;0,00;0,00;0,00;52,94;0;0;0;0;0;0;0;0;0;0
677;678;0,15;16;1;13;T;0,17;500;0,00;0,00;0,00;0,00;0,00;0;0,00;0,00;0,00;52,94;0;0;0;0;0;0;0;0;0;0
679;678;0,01;4;1;13;T;0,01;700;40,27;9,98;45,27;20,79;11,03;0;127,34;95,52;0,18;60,00;0;0;0;0;0;0;0;0;0;0
681;678;0,01;4;1;13;T;0,02;500;308,30;15,89;71,08;40,59;8,37;0;444,23;395,27;0,89;30,00;0;0;0;0;0;0;0;0;0;0
678;679;0,01;4;1;13;T;0,02;700;308,30;15,89;71,08;40,59;8,37;0;444,23;395,27;0,63;30,00;0;0;0;0;0;0;0;0;0;0
680;679;0,15;4;1;13;T;0,16;700;40,27;9,98;45,27;20,79;11,03;0;127,34;95,52;0,18;56,25;0;0;0;0;0;0;0;0;0;0
677;680;0,01;4;1;13;T;0,01;700;40,27;9,98;45,27;20,79;11,03;0;127,34;95,52;0,18;60,00;0;0;0;0;0;0;0;0;0;0
679;680;0,15;4;1;13;T;0,28;700;308,30;15,89;71,08;40,59;8,37;0;444,23;395,27;0,63;32,14;0;0;0;0;0;0;0;0;0;0
678;681;0,01;4;1;13;T;0,01;500;40,27;9,98;45,27;20,79;11,03;0;127,34;95,52;0,25;60,00;0;0;0;0;0;0;0;0;0;0
682;681;0,15;4;1;13;T;0,37;500;308,30;15,89;71,08;40,59;8,37;0;444,23;395,27;0,89;24,32;0;0;0;0;0;0;0;0;0;0
297;682;0,01;4;1;13;T;0,02;500;308,30;15,89;71,08;40,59;8,37;0;444,23;395,27;0,89;30,00;0;0;0;0;0;0;0;0;0;0
681;682;0,15;4;1;13;T;0,18;500;40,27;9,98;45,27;20,79;11,03;0;127,34;95,52;0,25;50,00;0;0;0;0;0;0;0;0;0;0
267;683;0,01;9;1;21;T;0,03;693;235,08;13,35;22,64;74,83;3,70;0;349,60;271,07;0,50;20,00;0;0;0;0;0;0;0;0;0;0
684;683;0,06;16;1;21;T;0,11;347;0,00;0,00;0,00;0,00;0,00;0;0,00;0,00;0,00;32,73;0;0;0;0;0;0;0;0;0;0
685;683;0,01;9;1;21;T;0,02;347;20,10;3,12;19,25;15,77;3,25;0;61,49;42,47;0,18;30,00;0;0;0;0;0;0;0;0;0;0
332;684;0,01;9;1;21;T;0,02;693;20,10;3,12;19,25;15,77;3,25;0;61,49;42,47;0,09;30,00;0;0;0;0;0;0;0;0;0;0
683;684;0,06;16;1;21;T;0,11;347;0,00;0,00;0,00;0,00;0,00;0;0,00;0,00;0,00;32,73;0;0;0;0;0;0;0;0;0;0
686;684;0,01;9;1;21;T;0,05;347;235,08;13,35;22,64;74,83;3,70;0;349,60;271,07;1,01;12,00;0;0;0;0;0;0;0;0;0;0
683;685;0,01;9;1;21;T;0,05;347;235,08;13,35;22,64;74,83;3,70;0;349,60;271,07;1,01;12,00;0;0;0;0;0;0;0;0;0;0
686;685;0,06;9;1;21;T;0,11;347;20,10;3,12;19,25;15,77;3,25;0;61,49;42,47;0,18;32,73;0;0;0;0;0;0;0;0;0;0
684;686;0,01;9;1;21;T;0,02;347;20,10;3,12;19,25;15,77;3,25;0;61,49;42,47;0,18;30,00;0;0;0;0;0;0;0;0;0;0
685;686;0,06;9;1;21;T;0,32;347;235,08;13,35;22,64;74,83;3,70;0;349,60;271,07;1,01;11,25;0;0;0;0;0;0;0;0;0;0
268;687;0,01;9;1;19;T;0,01;693;20,10;3,12;19,25;15,77;3,25;0;61,49;42,47;0,09;60,00;0;0;0;0;0;0;0;0;0;0
688;687;0,09;16;1;21;T;0,18;347;0,00;0,00;0,00;0,00;0,00;0;0,00;0,00;0,00;30,00;0;0;0;0;0;0;0;0;0;0
690;687;0,01;9;1;21;T;0,05;347;235,08;13,35;22,64;74,83;3,70;0;349,60;271,07;1,01;12,00;0;0;0;0;0;0;0;0;0;0
332;688;0,01;9;1;21;T;0,03;693;235,08;13,35;22,64;74,83;3,70;0;349,60;271,07;0,50;20,00;0;0;0;0;0;0;0;0;0;0
687;688;0,09;16;1;21;T;0,17;347;0,00;0,00;0,00;0,00;0,00;0;0,00;0,00;0,00;31,76;0;0;0;0;0;0;0;0;0;0
689;688;0,01;9;1;21;T;0,02;347;20,10;3,12;19,25;15,77;3,25;0;61,49;42,47;0,18;30,00;0;0;0;0;0;0;0;0;0;0
688;689;0,01;9;1;21;T;0,05;347;235,08;13,35;22,64;74,83;3,70;0;349,60;271,07;1,01;12,00;0;0;0;0;0;0;0;0;0;0
690;689;0,09;9;1;21;T;0,16;347;20,10;3,12;19,25;15,77;3,25;0;61,49;42,47;0,18;33,75;0;0;0;0;0;0;0;0;0;0
687;690;0,01;9;1;21;T;0,02;347;20,10;3,12;19,25;15,77;3,25;0;61,49;42,47;0,18;30,00;0;0;0;0;0;0;0;0;0;0
689;690;0,09;9;1;21;T;0,48;347;235,08;13,35;22,64;74,83;3,70;0;349,60;271,07;1,01;11,25;0;0;0;0;0;0;0;0;0;0
266;691;0,11;16;1;22;T;0,31;248;0,00;0,00;0,00;0,00;0,00;0;0,00;0,00;0,00;21,29;0;0;0;0;0;0;0;0;0;0
268;691;0,01;8;1;22;T;0,04;495;146,95;9,35;36,51;54,91;22,09;0;269,81;192,81;0,55;15,00;0;0;0;0;0;0;0;0;0;0
692;691;0,01;8;1;22;T;0,04;248;72,54;5,40;40,55;37,01;6,71;0;162,21;118,49;0,65;15,00;0;0;0;0;0;0;0;0;0;0
691;692;0,01;8;1;22;T;0,06;248;146,95;9,35;36,51;54,91;22,09;0;269,81;192,81;1,09;10,00;0;0;0;0;0;0;0;0;0;0
693;692;0,11;8;1;22;T;0,43;248;72,54;5,40;40,55;37,01;6,71;0;162,21;118,49;0,65;15,35;0;0;0;0;0;0;0;0;0;0
266;693;0,01;8;1;22;T;0,03;495;72,54;5,40;40,55;37,01;6,71;0;162,21;118,49;0,33;20,00;0;0;0;0;0;0;0;0;0;0
692;693;0,11;8;1;22;T;0,63;248;146,95;9,35;36,51;54,91;22,09;0;269,81;192,81;1,09;10,48;0;0;0;0;0;0;0;0;0;0
266;694;0,01;8;1;22;T;0,03;330;9,76;13,72;27,41;33,19;12,78;0;96,86;50,89;0,29;20,00;0;0;0;0;0;0;0;0;0;0
695;694;0,14;8;1;22;T;0,57;330;123,17;9,95;22,53;63,23;9,54;0;228,42;155,65;0,69;14,74;0;0;0;0;0;0;0;0;0;0
265;695;0,02;8;1;22;T;0,08;330;123,17;9,95;22,53;63,23;9,54;0;228,42;155,65;0,69;15,00;0;0;0;0;0;0;0;0;0;0
694;695;0,14;8;1;22;T;0,38;330;9,76;13,72;27,41;33,19;12,78;0;96,86;50,89;0,29;22,11;0;0;0;0;0;0;0;0;0;0
264;696;0,01;8;1;22;T;0,03;495;54,26;9,01;29,16;17,18;2,45;0;112,06;92,43;0,23;20,00;0;0;0;0;0;0;0;0;0;0
697;696;0,14;16;1;22;T;0,29;495;0,00;0,00;0,00;0,00;0,00;0;0,00;0,00;0,00;28,97;0;0;0;0;0;0;0;0;0;0
698;696;0,01;8;1;22;T;0,02;248;0,97;0,35;4,30;9,50;0,93;0;16,05;5,62;0,06;30,00;0;0;0;0;0;0;0;0;0;0
262;697;0,01;8;1;22;T;0,02;495;0,97;0,35;4,30;9,50;0,93;0;16,05;5,62;0,03;30,00;0;0;0;0;0;0;0;0;0;0
696;697;0,14;16;1;22;T;0,30;495;0,00;0,00;0,00;0,00;0,00;0;0,00;0,00;0,00;28,00;0;0;0;0;0;0;0;0;0;0
699;697;0,01;8;1;22;T;0,03;248;54,26;9,01;29,16;17,18;2,45;0;112,06;92,43;0,45;20,00;0;0;0;0;0;0;0;0;0;0
696;698;0,01;8;1;22;T;0,03;248;54,26;9,01;29,16;17,18;2,45;0;112,06;92,43;0,45;20,00;0;0;0;0;0;0;0;0;0;0
699;698;0,14;8;1;22;T;0,29;248;0,97;0,35;4,30;9,50;0,93;0;16,05;5,62;0,06;28,97;0;0;0;0;0;0;0;0;0;0
697;699;0,01;8;1;22;T;0,02;248;0,97;0,35;4,30;9,50;0,93;0;16,05;5,62;0,06;30,00;0;0;0;0;0;0;0;0;0;0
698;699;0,14;8;1;22;T;0,44;248;54,26;9,01;29,16;17,18;2,45;0;112,06;92,43;0,45;19,09;0;0;0;0;0;0;0;0;0;0
259;700;0,08;16;1;22;T;0,25;248;0,00;0,00;0,00;0,00;0,00;0;0,00;0,00;0,00;19,20;0;0;0;0;0;0;0;0;0;0
262;700;0,01;4;1;22;T;0,03;495;54,26;9,01;29,16;17,18;2,45;0;112,06;92,43;0,23;20,00;0;0;0;0;0;0;0;0;0;0
701;700;0,01;4;1;22;T;0,02;248;0,87;0,01;3,80;6,74;0,93;0;12,35;4,68;0,05;30,00;0;0;0;0;0;0;0;0;0;0
700;701;0,01;4;1;22;T;0,03;248;54,26;9,01;29,16;17,18;2,45;0;112,06;92,43;0,45;20,00;0;0;0;0;0;0;0;0;0;0
702;701;0,08;4;1;22;T;0,17;248;0,87;0,01;3,80;6,74;0,93;0;12,35;4,68;0,05;28,24;0;0;0;0;0;0;0;0;0;0
259;702;0,01;4;1;22;T;0,02;248;0,87;0,01;3,80;6,74;0,93;0;12,35;4,68;0,05;30,00;0;0;0;0;0;0;0;0;0;0
701;702;0,08;4;1;22;T;0,25;248;54,26;9,01;29,16;17,18;2,45;0;112,06;92,43;0,45;19,20;0;0;0;0;0;0;0;0;0;0
704;703;0,19;8;1;22;T;0,39;248;0,87;0,01;3,80;6,74;0,93;0;12,35;4,68;0,05;29,23;0;0;0;0;0;0;0;0;0;0
705;703;0,01;8;1;22;T;0,02;248;0,00;0,00;0,00;0,00;0,00;0;0,00;0,00;0,00;30,00;0;0;0;0;0;0;0;0;0;0
703;704;0,19;8;1;22;T;0,39;248;0,00;0,00;0,00;0,00;0,00;0;0,00;0,00;0,00;29,23;0;0;0;0;0;0;0;0;0;0
706;704;0,01;8;1;22;T;0,02;248;0,87;0,01;3,80;6,74;0,93;0;12,35;4,68;0,05;30,00;0;0;0;0;0;0;0;0;0;0
263;705;0,01;8;1;22;T;0,02;495;0,00;0,00;0,00;0,00;0,00;0;0,00;0,00;0,00;30,00;0;0;0;0;0;0;0;0;0;0
703;705;0,01;8;1;22;T;0,02;248;0,87;0,01;3,80;6,74;0,93;0;12,35;4,68;0,05;30,00;0;0;0;0;0;0;0;0;0;0
706;705;0,20;16;1;22;T;0,56;248;0,00;0,00;0,00;0,00;0,00;0;0,00;0,00;0,00;21,43;0;0;0;0;0;0;0;0;0;0
257;706;0,01;8;1;22;T;0,02;495;0,87;0,01;3,80;6,74;0,93;0;12,35;4,68;0,02;30,00;0;0;0;0;0;0;0;0;0;0
704;706;0,01;8;1;22;T;0,02;248;0,00;0,00;0,00;0,00;0,00;0;0,00;0,00;0,00;30,00;0;0;0;0;0;0;0;0;0;0
705;706;0,20;16;1;22;T;0,57;248;0,00;0,00;0,00;0,00;0,00;0;0,00;0,00;0,00;21,05;0;0;0;0;0;0;0;0;0;0
260;707;0,01;9;1;21;T;0,02;347;0,10;0,34;0,50;2,76;0,00;0;3,70;0,94;0,01;30,00;0;0;0;0;0;0;0;0;0;0
709;707;0,12;9;1;21;T;0,21;347;0,00;0,00;0,00;0,00;0,00;0;0,00;0,00;0,00;34,29;0;0;0;0;0;0;0;0;0;0
260;708;0,12;16;1;21;T;0,21;347;0,00;0,00;0,00;0,00;0,00;0;0,00;0,00;0,00;34,29;0;0;0;0;0;0;0;0;0;0
261;708;0,01;9;1;21;T;0,02;693;0,00;0,00;0,00;0,00;0,00;0;0,00;0,00;0,00;30,00;0;0;0;0;0;0;0;0;0;0
709;708;0,01;9;1;21;T;0,02;347;0,10;0,34;0,50;2,76;0,00;0;3,70;0,94;0,01;30,00;0;0;0;0;0;0;0;0;0;0
707;709;0,12;9;1;21;T;0,21;347;0,10;0,34;0,50;2,76;0,00;0;3,70;0,94;0,01;34,29;0;0;0;0;0;0;0;0;0;0
708;709;0,01;9;1;21;T;0,02;347;0,00;0,00;0,00;0,00;0,00;0;0,00;0,00;0,00;30,00;0;0;0;0;0;0;0;0;0;0
711;710;0,19;8;1;22;T;0,39;248;0,00;0,00;0,00;0,00;0,00;0;0,00;0,00;0,00;29,23;0;0;0;0;0;0;0;0;0;0
713;710;0,01;8;1;22;T;0,02;248;0,10;0,34;0,50;2,76;0,00;0;3,70;0,94;0,01;30,00;0;0;0;0;0;0;0;0;0;0
710;711;0,19;8;1;22;T;0,39;248;0,10;0,34;0,50;2,76;0,00;0;3,70;0,94;0,01;29,23;0;0;0;0;0;0;0;0;0;0
712;711;0,01;8;1;22;T;0,02;248;0,00;0,00;0,00;0,00;0,00;0;0,00;0,00;0,00;30,00;0;0;0;0;0;0;0;0;0;0
262;712;0,01;8;1;22;T;0,02;495;0,00;0,00;0,00;0,00;0,00;0;0,00;0,00;0,00;30,00;0;0;0;0;0;0;0;0;0;0
711;712;0,01;8;1;22;T;0,02;248;0,10;0,34;0,50;2,76;0,00;0;3,70;0,94;0,01;30,00;0;0;0;0;0;0;0;0;0;0
713;712;0,20;16;1;22;T;0,58;248;0,00;0,00;0,00;0,00;0,00;0;0,00;0,00;0,00;20,69;0;0;0;0;0;0;0;0;0;0
261;713;0,01;8;1;22;T;0,02;495;0,10;0,34;0,50;2,76;0,00;0;3,70;0,94;0,01;30,00;0;0;0;0;0;0;0;0;0;0
710;713;0,01;8;1;22;T;0,02;248;0,00;0,00;0,00;0,00;0,00;0;0,00;0,00;0,00;30,00;0;0;0;0;0;0;0;0;0;0
712;713;0,20;16;1;22;T;0,57;248;0,00;0,00;0,00;0,00;0,00;0;0,00;0,00;0,00;21,05;0;0;0;0;0;0;0;0;0;0
268;714;0,01;9;1;19;T;0,02;1100;218,36;11,58;24,38;63,18;4,35;0;321,85;254,32;0,29;30,00;0;0;0;0;0;0;0;0;0;0
715;714;0,08;16;1;21;T;0,14;1100;0,00;0,00;0,00;0,00;0,00;0;0,00;0,00;0,00;34,29;0;0;0;0;0;0;0;0;0;0
716;714;0,01;9;1;19;T;0,01;1100;77,78;5,30;16,96;22,02;19,28;0;141,34;100,04;0,13;60,00;0;0;0;0;0;0;0;0;0;0
269;715;0,01;9;1;19;T;0,01;1100;77,78;5,30;16,96;22,02;19,28;0;141,34;100,04;0,13;60,00;0;0;0;0;0;0;0;0;0;0
714;715;0,08;16;1;21;T;0,14;1100;0,00;0,00;0,00;0,00;0,00;0;0,00;0,00;0,00;34,29;0;0;0;0;0;0;0;0;0;0
717;715;0,01;9;1;19;T;0,02;1100;218,36;11,58;24,38;63,18;4,35;0;321,85;254,32;0,29;30,00;0;0;0;0;0;0;0;0;0;0
714;716;0,01;9;1;19;T;0,02;1100;218,36;11,58;24,38;63,18;4,35;0;321,85;254,32;0,29;30,00;0;0;0;0;0;0;0;0;0;0
717;716;0,07;9;1;19;T;0,09;1100;77,78;5,30;16,96;22,02;19,28;0;141,34;100,04;0,13;46,67;0;0;0;0;0;0;0;0;0;0
715;717;0,01;9;1;19;T;0,01;1100;77,78;5,30;16,96;22,02;19,28;0;141,34;100,04;0,13;60,00;0;0;0;0;0;0;0;0;0;0
716;717;0,07;9;1;19;T;0,12;1100;218,36;11,58;24,38;63,18;4,35;0;321,85;254,32;0,29;35,00;0;0;0;0;0;0;0;0;0;0
269;718;0,01;7;1;20;T;0,02;1100;51,85;15,28;34,20;6,83;4,38;0;112,54;101,33;0,10;30,00;0;0;0;0;0;0;0;0;0;0
595;718;0,05;16;1;22;T;0,10;1100;0,00;0,00;0,00;0,00;0,00;0;0,00;0,00;0,00;30,00;0;0;0;0;0;0;0;0;0;0
719;718;0,01;7;1;20;T;0,02;1100;254,47;14,30;19,36;66,06;19,39;0;373,58;288,13;0,34;30,00;0;0;0;0;0;0;0;0;0;0
718;719;0,01;7;1;20;T;0,02;1100;51,85;15,28;34,20;6,83;4,38;0;112,54;101,33;0,10;30,00;0;0;0;0;0;0;0;0;0;0
720;719;0,05;7;1;20;T;0,11;1100;254,47;14,30;19,36;66,06;19,39;0;373,58;288,13;0,34;27,27;0;0;0;0;0;0;0;0;0;0
595;720;0,01;7;1;20;T;0,02;1100;254,47;14,30;19,36;66,06;19,39;0;373,58;288,13;0,34;30,00;0;0;0;0;0;0;0;0;0;0
719;720;0,05;7;1;20;T;0,08;1100;51,85;15,28;34,20;6,83;4,38;0;112,54;101,33;0,10;37,50;0;0;0;0;0;0;0;0;0;0
595;721;0,01;7;1;20;T;0,02;1100;62,02;15,56;34,83;6,83;4,38;0;123,62;112,41;0,11;30,00;0;0;0;0;0;0;0;0;0;0
723;721;0,20;7;1;20;T;0,44;1100;253,75;18,42;24,31;66,06;19,39;0;381,93;296,48;0,35;27,27;0;0;0;0;0;0;0;0;0;0
270;722;0,01;7;1;20;T;0,02;1100;253,75;18,42;24,31;66,06;19,39;0;381,93;296,48;0,35;30,00;0;0;0;0;0;0;0;0;0;0
595;722;0,20;16;1;22;T;0,41;1100;0,00;0,00;0,00;0,00;0,00;0;0,00;0,00;0,00;29,27;0;0;0;0;0;0;0;0;0;0
723;722;0,01;7;1;20;T;0,02;1100;62,02;15,56;34,83;6,83;4,38;0;123,62;112,41;0,11;30,00;0;0;0;0;0;0;0;0;0;0
721;723;0,20;7;1;20;T;0,32;1100;62,02;15,56;34,83;6,83;4,38;0;123,62;112,41;0,11;37,50;0;0;0;0;0;0;0;0;0;0
722;723;0,01;7;1;20;T;0,02;1100;253,75;18,42;24,31;66,06;19,39;0;381,93;296,48;0,35;30,00;0;0;0;0;0;0;0;0;0;0
270;724;0,01;8;1;20;T;0,02;1100;71,85;17,58;46,77;8,54;4,80;0;149,54;136,20;0,14;30,00;0;0;0;0;0;0;0;0;0;0
305;724;0,25;16;1;22;T;0,52;1100;0,00;0,00;0,00;0,00;0,00;1;1,00;0,00;0,00;28,85;0;0;0;0;0;0;0;0;0;0
726;724;0,01;8;1;20;T;0,03;1100;419,20;19,43;25,40;68,30;19,85;0;552,18;464,03;0,50;20,00;0;0;0;0;0;0;0;0;0;0
254;725;0,01;8;1;20;T;0,03;1100;419,20;19,43;25,40;68,30;19,85;0;552,18;464,03;0,50;20,00;0;0;0;0;0;0;0;0;0;0
305;725;0,08;16;1;22;T;0,17;1100;0,00;0,00;0,00;0,00;0,00;0;0,00;0,00;0,00;28,24;0;0;0;0;0;0;0;0;0;0
727;725;0,01;8;1;20;T;0,02;1100;71,85;17,58;46,77;8,54;4,80;0;149,54;136,20;0,14;30,00;0;0;0;0;0;0;0;0;0;0
724;726;0,01;8;1;20;T;0,02;1100;71,85;17,58;46,77;8,54;4,80;0;149,54;136,20;0,14;30,00;0;0;0;0;0;0;0;0;0;0
728;726;0,25;8;1;20;T;0,67;1100;419,20;19,43;25,40;68,30;19,85;1;553,18;464,03;0,50;22,39;0;0;0;0;0;0;0;0;0;0
725;727;0,01;8;1;20;T;0,03;1100;419,20;19,43;25,40;68,30;19,85;0;552,18;464,03;0,50;20,00;0;0;0;0;0;0;0;0;0;0
728;727;0,07;8;1;20;T;0,11;1100;71,85;17,58;46,77;8,54;4,80;0;149,54;136,20;0,14;38,18;0;0;0;0;0;0;0;0;0;0
726;728;0,25;8;1;20;T;0,41;1100;71,85;17,58;46,77;8,54;4,80;1;150,54;136,20;0,14;36,59;0;0;0;0;0;0;0;0;0;0
727;728;0,07;8;1;20;T;0,19;1100;419,20;19,43;25,40;68,30;19,85;0;552,18;464,03;0,50;22,11;0;0;0;0;0;0;0;0;0;0
240;729;0,01;7;1;12;T;0,01;2540;320,00;55,34;100,15;106,97;30,40;0;612,86;475,49;0,24;60,00;0;0;0;0;0;0;0;0;0;0
729;730;0,02;7;1;12;T;0,02;1270;320,00;55,34;100,15;106,97;30,40;0;612,86;475,49;0,48;60,00;0;0;0;0;0;0;0;0;0;0
79;731;0,07;16;1;12;T;0,06;1270;0,00;0,00;0,00;0,00;0,00;0;0,00;0,00;0,00;70,00;0;0;0;0;0;0;0;0;0;0
731;732;0,01;7;1;12;T;0,01;1270;0,00;0,00;0,00;0,00;0,00;0;0,00;0,00;0,00;60,00;0;0;0;0;0;0;0;0;0;0
81;733;0,12;16;1;22;T;0,27;248;0,00;0,00;0,00;0,00;0,00;0;0,00;0,00;0,00;26,67;0;0;0;0;0;0;0;0;0;0
734;733;0,01;8;1;13;T;0,03;600;414,75;32,19;43,37;87,36;32,01;0;609,68;490,31;1,02;20,00;0;0;0;0;0;0;0;0;0;0
82;734;0,12;8;1;13;T;0,32;600;414,75;32,19;43,37;87,36;32,01;0;609,68;490,31;1,02;22,50;0;0;0;0;0;0;0;0;0;0
291;735;0,01;8;1;13;T;0,01;1000;159,03;14,94;39,10;63,03;20,16;0;296,26;213,07;0,30;60,00;0;0;0;0;0;0;0;0;0;0
735;736;0,01;8;1;13;T;0,02;500;159,03;14,94;39,10;63,03;20,16;0;296,26;213,07;0,59;30,00;0;0;0;0;0;0;0;0;0;0
286;737;0,01;9;1;20;T;0,04;814;118,04;25,27;77,24;138,08;49,91;0;408,54;220,55;0,50;15,00;0;0;0;0;0;0;0;0;0;0
738;737;0,07;16;1;20;T;0,11;330;0,00;0,00;0,00;0,00;0,00;0;0,00;0,00;0,00;38,18;0;0;0;0;0;0;0;0;0;0
739;737;0,01;9;1;20;T;0,03;550;88,89;7,47;64,94;97,03;40,30;0;298,63;161,30;0,54;20,00;0;0;0;0;0;0;0;0;0;0
287;738;0,01;9;1;21;T;0,03;693;88,89;7,47;64,94;97,03;40,30;0;298,63;161,30;0,43;20,00;0;0;0;0;0;0;0;0;0;0
737;738;0,07;16;1;20;T;0,18;330;0,00;0,00;0,00;0,00;0,00;0;0,00;0,00;0,00;23,33;0;0;0;0;0;0;0;0;0;0
740;738;0,01;9;1;20;T;0,04;550;118,04;25,27;77,24;138,08;49,91;0;408,54;220,55;0,74;15,00;0;0;0;0;0;0;0;0;0;0
737;739;0,01;9;1;20;T;0,04;550;118,04;25,27;77,24;138,08;49,91;0;408,54;220,55;0,74;15,00;0;0;0;0;0;0;0;0;0;0
740;739;0,07;9;1;20;T;0,20;550;88,89;7,47;64,94;97,03;40,30;0;298,63;161,30;0,54;21,00;0;0;0;0;0;0;0;0;0;0
738;740;0,01;9;1;20;T;0,03;550;88,89;7,47;64,94;97,03;40,30;0;298,63;161,30;0,54;20,00;0;0;0;0;0;0;0;0;0;0
739;740;0,07;9;1;20;T;0,28;550;118,04;25,27;77,24;138,08;49,91;0;408,54;220,55;0,74;15,00;0;0;0;0;0;0;0;0;0;0
